unique_id,ds,y
M94,1,587.6
M94,2,592.3
M94,3,605.9
M94,4,617.1
M94,5,619.0
M94,6,617.5
M94,7,614.1
M94,8,613.1
M94,9,615.0
M94,10,619.5
M94,11,622.0
M94,12,619.9
M94,13,629.5
M94,14,635.8
M94,15,645.3
M94,16,652.1
M94,17,655.1
M94,18,654.7
M94,19,657.8
M94,20,650.2
M94,21,657.9
M94,22,656.0
M94,23,671.5
M94,24,681.8
M94,25,698.3
M94,26,707.8
M94,27,716.3
M94,28,721.7
M94,29,729.3
M94,30,730.0
M94,31,735.3
M94,32,744.6
M94,33,765.5
M94,34,768.1
M94,35,776.8
M94,36,781.4
M94,37,789.7
M94,38,798.0
M94,39,806.1
M94,40,824.0
M94,41,835.4
M94,42,844.8
M94,43,847.5
M94,44,846.8
M94,45,850.5
M94,46,858.7
M94,47,878.1
M94,48,898.3
M94,49,911.4
M94,50,914.2
M94,51,931.7
M94,52,943.0
M94,53,967.3
M94,54,977.7
M94,55,992.0
M94,56,996.2
M94,57,1000.0
M94,58,1001.0
M94,59,1006.7
M94,60,1018.9
M94,61,1041.1
M94,62,1056.9
M94,63,1075.1
M94,64,1094.4
M94,65,1122.5
M94,66,1141.8
M94,67,1156.5
M94,68,1166.5
M94,69,1186.7
M94,70,1199.1
M94,71,1219.1
M94,72,1224.3
M94,73,1241.1
M94,74,1250.5
M94,75,1275.3
M94,76,1292.1
M94,77,1318.2
M94,78,1328.9
M94,79,1335.1
M94,80,1328.1
M94,81,1322.0
M94,82,1324.4
M94,83,1344.3
M94,84,1361.5
M94,85,1385.8
M94,86,1414.9
M94,87,1444.5
M94,88,1464.7
M94,89,1474.8
M94,90,1489.5
M94,91,1499.0
M94,92,1499.8
M94,93,1487.1
M94,94,1483.8
M94,95,1491.9
M94,96,1502.6
M94,97,1512.6
M94,98,1515.9
M94,99,1528.1
M94,100,1535.9
M94,101,1551.8
M94,102,1567.6
M94,103,1575.3
M94,104,1568.0
M94,105,1555.3
M94,106,1566.9
M94,107,1595.2
M94,108,1614.3
M94,109,1634.8
M94,110,1658.1
M94,111,1678.9
M94,112,1692.9
M94,113,1701.1
M94,114,1712.3
M94,115,1721.1
M94,116,1732.7
M94,117,1728.4
M94,118,1731.8
M94,119,1752.1
M94,120,1778.8
M94,121,1794.5
M94,122,1799.6
M94,123,1806.7
M94,124,1820.2
M94,125,1829.0
M94,126,1836.8
M94,127,1824.9
M94,128,1814.1
M94,129,1789.8
M94,130,1776.5
M94,131,1774.3
M94,132,1779.0
M94,133,1779.2
M94,134,1779.2
M94,135,1783.4
M94,136,1773.1
M94,137,1759.9
M94,138,1737.9
M94,139,1724.2
M94,140,1708.4
M94,141,1709.4
M94,142,1703.0
M94,143,1701.5
M94,144,1706.1
M94,145,1718.5
M94,146,1728.5
M94,147,1735.3
M94,148,1737.3
M94,149,1733.4
M94,150,1723.8
M94,151,1700.6
M94,152,1687.3
M94,153,1669.9
M94,154,1651.3
M94,155,1645.0
M94,156,1643.1
M94,157,1676.2
M94,158,1674.4
M94,159,1686.9
M94,160,1682.6
M94,161,1682.9
M94,162,1661.5
M94,163,1614.4
M94,164,1583.9
M94,165,1557.8
M94,166,1545.3
M94,167,1528.8
M94,168,1553.2
M94,169,1578.2
M94,170,1612.2
M94,171,1635.7
M94,172,1641.8
M94,173,1629.7
M94,174,1602.7
M94,175,1586.8
M94,176,1582.6
M94,177,1575.4
M94,178,1554.9
M94,179,1552.3
M94,180,1572.5
M94,181,1594.1
M94,182,1624.7
M94,183,1638.6
M94,184,1640.8
M94,185,1624.0
M94,186,1607.7
M94,187,1589.8
M94,188,1570.3
M94,189,1556.5
M94,190,1532.9
M94,191,1504.2
M94,192,1534.5
M94,193,1573.7
M94,194,1618.4
M94,195,1629.5
M94,196,1625.1
M94,197,1601.9
M94,198,1576.5
M94,199,1551.5
M94,200,1532.7
M94,201,1529.7
M94,202,1512.8
M94,203,1527.4
M94,204,1573.4
M94,205,1610.8
M94,206,1648.6
M94,207,1655.1
M94,208,1662.4
M94,209,1649.4
M94,210,1644.0
M94,211,1635.2
M94,212,1634.9
M94,213,1633.7
M94,214,1629.3
M94,215,1650.8
M94,216,1699.4
M94,217,1750.5
M94,218,1783.8
M94,219,1797.9
M94,220,1816.4
M94,221,1818.4
M94,222,1823.4
M94,223,1803.8
M94,224,1794.5
M94,225,1796.3
M94,226,1795.2
M94,227,1824.1
M94,228,1850.3
M94,229,1876.8
M94,230,1904.1
M94,231,1916.0
M94,232,1912.6
M94,233,1907.9
M94,234,1909.7
M94,235,1923.0
M94,236,1937.8
M94,237,1936.1
M94,238,1937.9
M94,239,1963.0
M94,240,1995.2
M206,1,10010.0
M206,2,9970.0
M206,3,9970.0
M206,4,9970.0
M206,5,9980.0
M206,6,9840.0
M206,7,9690.0
M206,8,9620.0
M206,9,9560.0
M206,10,9540.0
M206,11,9590.0
M206,12,9460.0
M206,13,9470.0
M206,14,9570.0
M206,15,9560.0
M206,16,9460.0
M206,17,9430.0
M206,18,9570.0
M206,19,9510.0
M206,20,9410.0
M206,21,9390.0
M206,22,9480.0
M206,23,9420.0
M206,24,9340.0
M206,25,9300.0
M206,26,9310.0
M206,27,9380.0
M206,28,9230.0
M206,29,9260.0
M206,30,9240.0
M206,31,9220.0
M206,32,9270.0
M206,33,9270.0
M206,34,9250.0
M206,35,9210.0
M206,36,9230.0
M206,37,9180.0
M206,38,9180.0
M206,39,9220.0
M206,40,9220.0
M206,41,9220.0
M206,42,9200.0
M206,43,9150.0
M206,44,9040.0
M206,45,9030.0
M206,46,9170.0
M206,47,9140.0
M206,48,9140.0
M206,49,9010.0
M206,50,9090.0
M206,51,9090.0
M206,52,8970.0
M206,53,9150.0
M206,54,9150.0
M206,55,9120.0
M206,56,9010.0
M206,57,9080.0
M206,58,9130.0
M206,59,8970.0
M206,60,9140.0
M206,61,9150.0
M206,62,9070.0
M206,63,9080.0
M206,64,9090.0
M206,65,9120.0
M206,66,9120.0
M206,67,9120.0
M206,68,9140.0
M206,69,9180.0
M206,70,9140.0
M206,71,9110.0
M206,72,9150.0
M206,73,9230.0
M206,74,9140.0
M206,75,9170.0
M206,76,9250.0
M206,77,9330.0
M206,78,9230.0
M206,79,9160.0
M206,80,9260.0
M206,81,9330.0
M206,82,9330.0
M206,83,9320.0
M206,84,9330.0
M206,85,9300.0
M206,86,9310.0
M206,87,9310.0
M206,88,9310.0
M206,89,9310.0
M206,90,9310.0
M206,91,9490.0
M206,92,9540.0
M206,93,9550.0
M206,94,9530.0
M206,95,9530.0
M206,96,9530.0
M206,97,9580.0
M206,98,9580.0
M206,99,9610.0
M206,100,9650.0
M206,101,9650.0
M206,102,9650.0
M206,103,9730.0
M206,104,10040.0
M206,105,9980.0
M206,106,9970.0
M206,107,9930.0
M206,108,10090.0
M206,109,10050.0
M206,110,10080.0
M206,111,10080.0
M206,112,10150.0
M206,113,10150.0
M206,114,10150.0
M206,115,10360.0
M206,116,10400.0
M206,117,10410.0
M206,118,10350.0
M206,119,10360.0
M206,120,10550.0
M206,121,10660.0
M206,122,10660.0
M206,123,10650.0
M206,124,10680.0
M206,125,10750.0
M206,126,10880.0
M206,127,10820.0
M206,128,10840.0
M206,129,10890.0
M206,130,10920.0
M206,131,11060.0
M206,132,11060.0
M206,133,11280.0
M206,134,11290.0
M206,135,11380.0
M206,136,11520.0
M206,137,11530.0
M206,138,11530.0
M206,139,11500.0
M206,140,11480.0
M206,141,11480.0
M206,142,11420.0
M206,143,11520.0
M206,144,11550.0
M206,145,11620.0
M206,146,11620.0
M206,147,11620.0
M206,148,11720.0
M206,149,11820.0
M206,150,11840.0
M206,151,11870.0
M206,152,12030.0
M206,153,12220.0
M206,154,12120.0
M206,155,12200.0
M206,156,12440.0
M206,157,12640.0
M206,158,12670.0
M206,159,12690.0
M206,160,13220.0
M206,161,13220.0
M206,162,13140.0
M206,163,13150.0
M206,164,13090.0
M206,165,12840.0
M206,166,12700.0
M206,167,12690.0
M206,168,12630.0
M206,169,12560.0
M206,170,12560.0
M206,171,12560.0
M206,172,13010.0
M206,173,13010.0
M206,174,13020.0
M206,175,13040.0
M206,176,13040.0
M206,177,13040.0
M206,178,13290.0
M206,179,13290.0
M206,180,13710.0
M206,181,13740.0
M206,182,13740.0
M206,183,13740.0
M206,184,13820.0
M206,185,14040.0
M206,186,14060.0
M206,187,14260.0
M206,188,14350.0
M206,189,14760.0
M206,190,15110.0
M206,191,15240.0
M206,192,15170.0
M206,193,15190.0
M206,194,15440.0
M206,195,15430.0
M206,196,15370.0
M206,197,15570.0
M206,198,15640.0
M206,199,15660.0
M206,200,15660.0
M206,201,15680.0
M206,202,15650.0
M206,203,15640.0
M206,204,15630.0
M206,205,15630.0
M206,206,15650.0
M206,207,15630.0
M206,208,15500.0
M206,209,15470.0
M206,210,15470.0
M206,211,15390.0
M206,212,15380.0
M206,213,15470.0
M206,214,15360.0
M206,215,15280.0
M206,216,15270.0
M206,217,15320.0
M206,218,15310.0
M206,219,15170.0
M206,220,15160.0
M206,221,15360.0
M206,222,15330.0
M206,223,15150.0
M206,224,15150.0
M206,225,15080.0
M206,226,14920.0
M206,227,14920.0
M206,228,14930.0
M206,229,14930.0
M206,230,14940.0
M206,231,14930.0
M206,232,14750.0
M206,233,14740.0
M206,234,14760.0
M206,235,14770.0
M206,236,14710.0
M206,237,14730.0
M206,238,14710.0
M206,239,14720.0
M206,240,14720.0
M335,1,1790.0
M335,2,1790.0
M335,3,1800.0
M335,4,1810.0
M335,5,1820.0
M335,6,1830.0
M335,7,1840.0
M335,8,1850.0
M335,9,1860.0
M335,10,1880.0
M335,11,1910.0
M335,12,2000.0
M335,13,2030.0
M335,14,2020.0
M335,15,2100.0
M335,16,2150.0
M335,17,2140.0
M335,18,2160.0
M335,19,2190.0
M335,20,2250.0
M335,21,2280.0
M335,22,2270.0
M335,23,2290.0
M335,24,2300.0
M335,25,2330.0
M335,26,2360.0
M335,27,2380.0
M335,28,2400.0
M335,29,2450.0
M335,30,2530.0
M335,31,2480.0
M335,32,2490.0
M335,33,2510.0
M335,34,2530.0
M335,35,2530.0
M335,36,2540.0
M335,37,2520.0
M335,38,2500.0
M335,39,2480.0
M335,40,2480.0
M335,41,2470.0
M335,42,2450.0
M335,43,2420.0
M335,44,2450.0
M335,45,2440.0
M335,46,2430.0
M335,47,2420.0
M335,48,2400.0
M335,49,2380.0
M335,50,2370.0
M335,51,2370.0
M335,52,2360.0
M335,53,2370.0
M335,54,2380.0
M335,55,2370.0
M335,56,2390.0
M335,57,2400.0
M335,58,2440.0
M335,59,2450.0
M335,60,2470.0
M335,61,2480.0
M335,62,2520.0
M335,63,2530.0
M335,64,2550.0
M335,65,2570.0
M335,66,2620.0
M335,67,2670.0
M335,68,2720.0
M335,69,2730.0
M335,70,2720.0
M335,71,2710.0
M335,72,2710.0
M335,73,2710.0
M335,74,2710.0
M335,75,2720.0
M335,76,2740.0
M335,77,2730.0
M335,78,2750.0
M335,79,2760.0
M335,80,2750.0
M335,81,2760.0
M335,82,2760.0
M335,83,2730.0
M335,84,2730.0
M335,85,2740.0
M335,86,2710.0
M335,87,2690.0
M335,88,2670.0
M335,89,2670.0
M335,90,2670.0
M335,91,2650.0
M335,92,2640.0
M335,93,2620.0
M335,94,2620.0
M335,95,2590.0
M335,96,2600.0
M335,97,2610.0
M335,98,2590.0
M335,99,2580.0
M335,100,2590.0
M335,101,2600.0
M335,102,2620.0
M335,103,2620.0
M335,104,2620.0
M335,105,2630.0
M335,106,2640.0
M335,107,2620.0
M335,108,2600.0
M335,109,2620.0
M335,110,2610.0
M335,111,2610.0
M335,112,2600.0
M335,113,2600.0
M335,114,2610.0
M335,115,2620.0
M335,116,2620.0
M335,117,2620.0
M335,118,2600.0
M335,119,2600.0
M335,120,2590.0
M335,121,2580.0
M335,122,2570.0
M335,123,2570.0
M335,124,2570.0
M335,125,2550.0
M335,126,2570.0
M335,127,2570.0
M335,128,2570.0
M335,129,2580.0
M335,130,2600.0
M335,131,2600.0
M335,132,2610.0
M335,133,2620.0
M335,134,2620.0
M335,135,2610.0
M335,136,2630.0
M335,137,2620.0
M335,138,2650.0
M335,139,2660.0
M335,140,2670.0
M335,141,2670.0
M335,142,2680.0
M335,143,2670.0
M335,144,2670.0
M335,145,2670.0
M335,146,2680.0
M335,147,2670.0
M335,148,2680.0
M335,149,2690.0
M335,150,2700.0
M335,151,2710.0
M335,152,2730.0
M335,153,2740.0
M335,154,2750.0
M335,155,2740.0
M335,156,2740.0
M335,157,2740.0
M335,158,2740.0
M335,159,2740.0
M335,160,2740.0
M335,161,2740.0
M335,162,2760.0
M335,163,2750.0
M335,164,2750.0
M335,165,2760.0
M335,166,2760.0
M335,167,2760.0
M335,168,2750.0
M335,169,2750.0
M335,170,2740.0
M335,171,2750.0
M335,172,2750.0
M335,173,2750.0
M335,174,2750.0
M335,175,2750.0
M335,176,2760.0
M335,177,2770.0
M335,178,2770.0
M335,179,2750.0
M335,180,2740.0
M335,181,2740.0
M335,182,2740.0
M335,183,2730.0
M335,184,2740.0
M335,185,2750.0
M335,186,2770.0
M335,187,2770.0
M335,188,2770.0
M335,189,2770.0
M335,190,2770.0
M335,191,2750.0
M335,192,2750.0
M335,193,2760.0
M335,194,2760.0
M335,195,2760.0
M335,196,2760.0
M335,197,2770.0
M335,198,2780.0
M335,199,2790.0
M335,200,2790.0
M335,201,2800.0
M335,202,2800.0
M335,203,2790.0
M335,204,2790.0
M335,205,2790.0
M335,206,2810.0
M335,207,2810.0
M335,208,2810.0
M335,209,2820.0
M335,210,2840.0
M335,211,2840.0
M335,212,2830.0
M335,213,2830.0
M335,214,2830.0
M335,215,2830.0
M335,216,2840.0
M335,217,2830.0
M335,218,2830.0
M335,219,2820.0
M335,220,2820.0
M335,221,2820.0
M335,222,2830.0
M335,223,2830.0
M335,224,2830.0
M335,225,2830.0
M335,226,2820.0
M335,227,2820.0
M335,228,2820.0
M335,229,2820.0
M335,230,2820.0
M335,231,2820.0
M335,232,2820.0
M335,233,2830.0
M335,234,2840.0
M335,235,2860.0
M335,236,2860.0
M335,237,2870.0
M335,238,2900.0
M335,239,2900.0
M335,240,2900.0
M622,1,13037.227254
M622,2,12722.756222
M622,3,12381.528529
M622,4,12527.461649
M622,5,12132.996175
M622,6,12094.289894
M622,7,12265.015039
M622,8,12256.420046
M622,9,11525.725447
M622,10,11546.019263
M622,11,10943.900781
M622,12,10357.990946
M622,13,11366.672003
M622,14,11517.74314
M622,15,11347.336133
M622,16,11344.626159
M622,17,11238.595632
M622,18,11189.045874
M622,19,11012.518867
M622,20,10558.279915
M622,21,10288.028446
M622,22,9740.215393
M622,23,9847.569182
M622,24,10851.586546
M622,25,10687.699026
M622,26,10853.919493
M622,27,10788.899176
M622,28,10330.004612
M622,29,10386.766859
M622,30,11225.027698
M622,31,11274.595791
M622,32,11003.995011
M622,33,11848.928037
M622,34,11328.05529
M622,35,11883.041405
M622,36,11312.228166
M622,37,11636.952889
M622,38,11800.690238
M622,39,11605.112347
M622,40,11469.536091
M622,41,11287.824507
M622,42,11631.96174
M622,43,12423.19488
M622,44,11758.393225
M622,45,11414.570077
M622,46,11725.623053
M622,47,11582.383784
M622,48,11389.21535
M622,49,11254.451394
M622,50,11448.850196
M622,51,11110.356001
M622,52,11457.98654
M622,53,12341.251095
M622,54,12168.795383
M622,55,11799.09038
M622,56,12095.359585
M622,57,12082.336035
M622,58,11926.688804
M622,59,12139.594899
M622,60,12273.472417
M622,61,12827.78085
M622,62,12945.886684
M622,63,13048.047856
M622,64,12715.200704
M622,65,12966.049358
M622,66,11941.934986
M622,67,6680.777595
M622,68,6574.487804
M622,69,6726.523111
M622,70,6817.110609
M622,71,7211.072713
M622,72,7082.856979
M622,73,6995.028216
M622,74,6944.005623
M622,75,7002.431044
M622,76,7068.963432
M622,77,7212.670847
M622,78,6822.611366
M622,79,7053.07333
M622,80,7126.596244
M622,81,7027.291535
M622,82,7126.278319
M622,83,7075.16218
M622,84,6884.450973
M622,85,7068.722458
M622,86,7247.9781
M622,87,7250.976414
M622,88,7368.177108
M622,89,7320.928331
M622,90,7520.244498
M622,91,7655.413102
M622,92,7675.918719
M622,93,7662.098775
M622,94,7606.385761
M622,95,7641.158295
M622,96,7757.657806
M622,97,7976.403456
M622,98,8070.789528
M622,99,8025.831989
M622,100,8035.643295
M622,101,8219.270847
M622,102,8374.608869
M622,103,8409.661604
M622,104,8455.320296
M622,105,8621.719296
M622,106,8596.931126
M622,107,8609.467907
M622,108,8705.566536
M622,109,8906.782223
M622,110,8759.471884
M622,111,9001.58529
M622,112,8958.332944
M622,113,8905.674407
M622,114,8888.814644
M622,115,7997.127661
M622,116,6733.782876
M622,117,6544.246851
M622,118,6615.714236
M622,119,6274.925489
M622,120,5753.402761
M622,121,5590.804478
M622,122,5481.620442
M622,123,5185.448131
M622,124,4922.537638
M622,125,4812.509244
M622,126,4536.160834
M622,127,4363.809198
M622,128,4349.632701
M622,129,4319.280638
M622,130,4343.412475
M622,131,4424.391733
M622,132,3978.167001
M622,133,3841.08403
M622,134,3729.017693
M622,135,3711.565041
M622,136,3571.192185
M622,137,3629.59615
M622,138,3851.846171
M622,139,3590.712807
M622,140,3552.677472
M622,141,3524.669761
M622,142,3820.656867
M622,143,3734.603608
M622,144,3943.681569
M622,145,3776.999474
M622,146,3832.90447
M622,147,3701.552364
M622,148,3549.542048
M622,149,3626.257497
M622,150,2903.659397
M622,151,2632.904466
M622,152,2415.859137
M622,153,2027.689314
M622,154,1900.215837
M622,155,1708.874072
M622,156,1592.938508
M622,157,1805.593308
M622,158,1592.760557
M622,159,1735.453831
M622,160,1771.960258
M622,161,1674.725218
M622,162,1802.234227
M622,163,1860.018313
M622,164,1789.758399
M622,165,1813.451521
M622,166,2023.83225
M622,167,1846.654323
M622,168,1650.964045
M622,169,1214.870399
M622,170,1103.807311
M622,171,1169.57747
M622,172,964.7451367
M622,173,1089.775301
M622,174,1226.400691
M622,175,1163.029918
M622,176,1363.611997
M622,177,1384.76739
M622,178,1435.999132
M622,179,1427.804236
M622,180,1411.663489
M622,181,1499.810952
M622,182,1497.859313
M622,183,1335.343739
M622,184,1423.181161
M622,185,1365.24888
M622,186,1280.573447
M622,187,1247.720813
M622,188,1222.828171
M622,189,1241.506784
M622,190,1209.28943
M622,191,1141.851852
M622,192,1161.654259
M622,193,1172.165041
M622,194,1865.318815
M622,195,1937.039703
M622,196,1990.175317
M622,197,1918.686691
M622,198,1996.355237
M622,199,1952.524122
M622,200,2139.071229
M622,201,2207.636104
M622,202,2509.563336
M622,203,2577.872297
M622,204,2500.173151
M622,205,2851.469079
M622,206,2755.715731
M622,207,2963.938805
M622,208,2888.645055
M622,209,2854.005289
M622,210,2801.756152
M622,211,2835.774223
M622,212,2860.391373
M622,213,3052.282092
M622,214,2656.596018
M622,215,2544.573035
M622,216,2461.304729
M622,217,2109.11033
M622,218,2132.059447
M622,219,2030.89699
M622,220,2044.323806
M622,221,1997.426167
M622,222,1716.554276
M622,223,1714.289626
M622,224,1735.647731
M622,225,1753.573541
M622,226,1788.514601
M622,227,1844.039921
M622,228,1890.314947
M622,229,1905.053634
M622,230,1868.046748
M622,231,1865.238207
M622,232,1872.915308
M622,233,1899.535022
M622,234,1859.242659
M622,235,1857.306261
M622,236,1927.349576
M622,237,1877.298828
M622,238,2119.353352
M622,239,2144.66249
M622,240,2259.305866
M807,1,4490.0
M807,2,4270.0
M807,3,5060.0
M807,4,5460.0
M807,5,5630.0
M807,6,5600.0
M807,7,5380.0
M807,8,5690.0
M807,9,5690.0
M807,10,5700.0
M807,11,5750.0
M807,12,5610.0
M807,13,4560.0
M807,14,4370.0
M807,15,5220.0
M807,16,5660.0
M807,17,5830.0
M807,18,5800.0
M807,19,5490.0
M807,20,5740.0
M807,21,5730.0
M807,22,5740.0
M807,23,5760.0
M807,24,5660.0
M807,25,4680.0
M807,26,4440.0
M807,27,5310.0
M807,28,5740.0
M807,29,5920.0
M807,30,5860.0
M807,31,5650.0
M807,32,6000.0
M807,33,6020.0
M807,34,6030.0
M807,35,6090.0
M807,36,5970.0
M807,37,4960.0
M807,38,4670.0
M807,39,5730.0
M807,40,6120.0
M807,41,6290.0
M807,42,6280.0
M807,43,6090.0
M807,44,6400.0
M807,45,6420.0
M807,46,6450.0
M807,47,6510.0
M807,48,6410.0
M807,49,5390.0
M807,50,5130.0
M807,51,6100.0
M807,52,6480.0
M807,53,6650.0
M807,54,6600.0
M807,55,6380.0
M807,56,6680.0
M807,57,6780.0
M807,58,6950.0
M807,59,6940.0
M807,60,6940.0
M807,61,5530.0
M807,62,5380.0
M807,63,6250.0
M807,64,6660.0
M807,65,6900.0
M807,66,6870.0
M807,67,6690.0
M807,68,6970.0
M807,69,7030.0
M807,70,7040.0
M807,71,7080.0
M807,72,6930.0
M807,73,5890.0
M807,74,5730.0
M807,75,6550.0
M807,76,6990.0
M807,77,7210.0
M807,78,7180.0
M807,79,6960.0
M807,80,7280.0
M807,81,7310.0
M807,82,7360.0
M807,83,7420.0
M807,84,7160.0
M807,85,6130.0
M807,86,6010.0
M807,87,6880.0
M807,88,7250.0
M807,89,7450.0
M807,90,7400.0
M807,91,7140.0
M807,92,7480.0
M807,93,7560.0
M807,94,7610.0
M807,95,7650.0
M807,96,7560.0
M807,97,6400.0
M807,98,6200.0
M807,99,7140.0
M807,100,7580.0
M807,101,7810.0
M807,102,7760.0
M807,103,7570.0
M807,104,7810.0
M807,105,7960.0
M807,106,7950.0
M807,107,8040.0
M807,108,7860.0
M807,109,6590.0
M807,110,6340.0
M807,111,7250.0
M807,112,7860.0
M807,113,7970.0
M807,114,7900.0
M807,115,7600.0
M807,116,7810.0
M807,117,7820.0
M807,118,7770.0
M807,119,7810.0
M807,120,7610.0
M807,121,6970.0
M807,122,6450.0
M807,123,6940.0
M807,124,7440.0
M807,125,7600.0
M807,126,7550.0
M807,127,7400.0
M807,128,7540.0
M807,129,7650.0
M807,130,7630.0
M807,131,7720.0
M807,132,7490.0
M807,133,6850.0
M807,134,6370.0
M807,135,6940.0
M807,136,7460.0
M807,137,7670.0
M807,138,7610.0
M807,139,7330.0
M807,140,7690.0
M807,141,7720.0
M807,142,7730.0
M807,143,7820.0
M807,144,7680.0
M807,145,6910.0
M807,146,6690.0
M807,147,7030.0
M807,148,7510.0
M807,149,7780.0
M807,150,7690.0
M807,151,7410.0
M807,152,7770.0
M807,153,7800.0
M807,154,7770.0
M807,155,7900.0
M807,156,7630.0
M807,157,6890.0
M807,158,6700.0
M807,159,7080.0
M807,160,7760.0
M807,161,7840.0
M807,162,7760.0
M807,163,7500.0
M807,164,7900.0
M807,165,7910.0
M807,166,7880.0
M807,167,7970.0
M807,168,7700.0
M807,169,7090.0
M807,170,6620.0
M807,171,7200.0
M807,172,7740.0
M807,173,7960.0
M807,174,7860.0
M807,175,7600.0
M807,176,8000.0
M807,177,7960.0
M807,178,7970.0
M807,179,8050.0
M807,180,7850.0
M807,181,6640.0
M807,182,6470.0
M807,183,7150.0
M807,184,7670.0
M807,185,7860.0
M807,186,7790.0
M807,187,7440.0
M807,188,7790.0
M807,189,7840.0
M807,190,7800.0
M807,191,7850.0
M807,192,7670.0
M807,193,6370.0
M807,194,6130.0
M807,195,6790.0
M807,196,7420.0
M807,197,7500.0
M807,198,7400.0
M807,199,7090.0
M807,200,7430.0
M807,201,7470.0
M807,202,7460.0
M807,203,7570.0
M807,204,7370.0
M807,205,6110.0
M807,206,5830.0
M807,207,6580.0
M807,208,7100.0
M807,209,7310.0
M807,210,7210.0
M807,211,7200.0
M807,212,7290.0
M807,213,7300.0
M807,214,7310.0
M807,215,7370.0
M807,216,7180.0
M807,217,5950.0
M807,218,5480.0
M807,219,6600.0
M807,220,7060.0
M807,221,7410.0
M807,222,7180.0
M807,223,6850.0
M807,224,7260.0
M807,225,7250.0
M807,226,7240.0
M807,227,7340.0
M807,228,7120.0
M807,229,5910.0
M807,230,5440.0
M807,231,6560.0
M807,232,7020.0
M807,233,7250.0
M807,234,7130.0
M807,235,6800.0
M807,236,7200.0
M807,237,7230.0
M807,238,7220.0
M807,239,7320.0
M807,240,7150.0
M1015,1,2300.0
M1015,2,2230.0
M1015,3,2470.0
M1015,4,2470.0
M1015,5,2500.0
M1015,6,2500.0
M1015,7,2450.0
M1015,8,2480.0
M1015,9,2590.0
M1015,10,2480.0
M1015,11,2530.0
M1015,12,2550.0
M1015,13,2280.0
M1015,14,2220.0
M1015,15,2460.0
M1015,16,2490.0
M1015,17,2520.0
M1015,18,2540.0
M1015,19,2520.0
M1015,20,2540.0
M1015,21,2550.0
M1015,22,2530.0
M1015,23,2560.0
M1015,24,2610.0
M1015,25,2360.0
M1015,26,2300.0
M1015,27,2540.0
M1015,28,2550.0
M1015,29,2560.0
M1015,30,2590.0
M1015,31,2630.0
M1015,32,2660.0
M1015,33,2680.0
M1015,34,2590.0
M1015,35,2610.0
M1015,36,2660.0
M1015,37,2380.0
M1015,38,2320.0
M1015,39,2660.0
M1015,40,2740.0
M1015,41,2760.0
M1015,42,2780.0
M1015,43,2620.0
M1015,44,2650.0
M1015,45,2680.0
M1015,46,2670.0
M1015,47,2670.0
M1015,48,2700.0
M1015,49,2430.0
M1015,50,2370.0
M1015,51,2610.0
M1015,52,2730.0
M1015,53,2660.0
M1015,54,2690.0
M1015,55,2690.0
M1015,56,2680.0
M1015,57,2730.0
M1015,58,2710.0
M1015,59,2840.0
M1015,60,2540.0
M1015,61,2470.0
M1015,62,2690.0
M1015,63,2720.0
M1015,64,2760.0
M1015,65,2750.0
M1015,66,2780.0
M1015,67,2620.0
M1015,68,2700.0
M1015,69,2740.0
M1015,70,2670.0
M1015,71,2680.0
M1015,72,2410.0
M1015,73,2350.0
M1015,74,2610.0
M1015,75,2650.0
M1015,76,2660.0
M1015,77,2610.0
M1015,78,2720.0
M1015,79,2590.0
M1015,80,2660.0
M1015,81,2680.0
M1015,82,2660.0
M1015,83,2700.0
M1015,84,2430.0
M1015,85,2380.0
M1015,86,2630.0
M1015,87,2670.0
M1015,88,2660.0
M1015,89,2730.0
M1015,90,2710.0
M1015,91,2710.0
M1015,92,2740.0
M1015,93,2730.0
M1015,94,2720.0
M1015,95,2720.0
M1015,96,2450.0
M1015,97,2380.0
M1015,98,2640.0
M1015,99,2680.0
M1015,100,2710.0
M1015,101,2730.0
M1015,102,2730.0
M1015,103,2720.0
M1015,104,2730.0
M1015,105,2730.0
M1015,106,2740.0
M1015,107,2740.0
M1015,108,2460.0
M1015,109,2410.0
M1015,110,2680.0
M1015,111,2730.0
M1015,112,2760.0
M1015,113,2750.0
M1015,114,2760.0
M1015,115,2740.0
M1015,116,2760.0
M1015,117,2770.0
M1015,118,2760.0
M1015,119,2790.0
M1015,120,2490.0
M1015,121,2450.0
M1015,122,2720.0
M1015,123,2800.0
M1015,124,2860.0
M1015,125,2880.0
M1015,126,2870.0
M1015,127,2840.0
M1015,128,2880.0
M1015,129,2880.0
M1015,130,2870.0
M1015,131,2880.0
M1015,132,2580.0
M1015,133,2530.0
M1015,134,2810.0
M1015,135,2880.0
M1015,136,2840.0
M1015,137,2860.0
M1015,138,2850.0
M1015,139,2940.0
M1015,140,2970.0
M1015,141,2970.0
M1015,142,2980.0
M1015,143,2990.0
M1015,144,2680.0
M1015,145,2620.0
M1015,146,2920.0
M1015,147,2980.0
M1015,148,3020.0
M1015,149,3040.0
M1015,150,3000.0
M1015,151,3030.0
M1015,152,3070.0
M1015,153,3070.0
M1015,154,3040.0
M1015,155,3050.0
M1015,156,2730.0
M1015,157,2650.0
M1015,158,2940.0
M1015,159,2980.0
M1015,160,3020.0
M1015,161,3050.0
M1015,162,3050.0
M1015,163,3040.0
M1015,164,3050.0
M1015,165,3070.0
M1015,166,3100.0
M1015,167,3080.0
M1015,168,2740.0
M1015,169,2710.0
M1015,170,2980.0
M1015,171,3020.0
M1015,172,3020.0
M1015,173,3030.0
M1015,174,3020.0
M1015,175,3010.0
M1015,176,3030.0
M1015,177,3030.0
M1015,178,3080.0
M1015,179,3210.0
M1015,180,2830.0
M1015,181,2790.0
M1015,182,3010.0
M1015,183,2990.0
M1015,184,2990.0
M1015,185,3010.0
M1015,186,3040.0
M1015,187,3030.0
M1015,188,3020.0
M1015,189,3020.0
M1015,190,3010.0
M1015,191,2980.0
M1015,192,2660.0
M1015,193,2620.0
M1015,194,2890.0
M1015,195,2930.0
M1015,196,2940.0
M1015,197,2950.0
M1015,198,2950.0
M1015,199,2950.0
M1015,200,2960.0
M1015,201,2970.0
M1015,202,2930.0
M1015,203,2950.0
M1015,204,2620.0
M1015,205,2610.0
M1015,206,2860.0
M1015,207,2890.0
M1015,208,2900.0
M1015,209,2920.0
M1015,210,2910.0
M1015,211,2910.0
M1015,212,2920.0
M1015,213,2930.0
M1015,214,2910.0
M1015,215,2880.0
M1015,216,2560.0
M1015,217,2560.0
M1015,218,2800.0
M1015,219,2820.0
M1015,220,2870.0
M1015,221,2910.0
M1015,222,2850.0
M1015,223,2840.0
M1015,224,2860.0
M1015,225,2840.0
M1015,226,2770.0
M1015,227,2760.0
M1015,228,2460.0
M1015,229,2460.0
M1015,230,2700.0
M1015,231,2730.0
M1015,232,2770.0
M1015,233,2780.0
M1015,234,2770.0
M1015,235,2730.0
M1015,236,2780.0
M1015,237,2760.0
M1015,238,2760.0
M1015,239,2850.0
M1015,240,2520.0
M1186,1,2870.0
M1186,2,2850.0
M1186,3,2800.0
M1186,4,2800.0
M1186,5,2780.0
M1186,6,2730.0
M1186,7,2630.0
M1186,8,2610.0
M1186,9,2640.0
M1186,10,2800.0
M1186,11,2860.0
M1186,12,2930.0
M1186,13,2930.0
M1186,14,2920.0
M1186,15,2870.0
M1186,16,2850.0
M1186,17,2840.0
M1186,18,2800.0
M1186,19,2700.0
M1186,20,2700.0
M1186,21,2770.0
M1186,22,2890.0
M1186,23,2960.0
M1186,24,2980.0
M1186,25,3030.0
M1186,26,3020.0
M1186,27,2990.0
M1186,28,2960.0
M1186,29,2960.0
M1186,30,2930.0
M1186,31,2740.0
M1186,32,2750.0
M1186,33,2780.0
M1186,34,2960.0
M1186,35,3020.0
M1186,36,3100.0
M1186,37,3120.0
M1186,38,3110.0
M1186,39,3050.0
M1186,40,3070.0
M1186,41,3040.0
M1186,42,2960.0
M1186,43,2810.0
M1186,44,2810.0
M1186,45,2850.0
M1186,46,3010.0
M1186,47,3030.0
M1186,48,3110.0
M1186,49,3140.0
M1186,50,3130.0
M1186,51,3100.0
M1186,52,3050.0
M1186,53,3040.0
M1186,54,3020.0
M1186,55,2860.0
M1186,56,2860.0
M1186,57,2920.0
M1186,58,3070.0
M1186,59,3160.0
M1186,60,3260.0
M1186,61,3300.0
M1186,62,3280.0
M1186,63,3220.0
M1186,64,3290.0
M1186,65,3240.0
M1186,66,3190.0
M1186,67,3170.0
M1186,68,3150.0
M1186,69,3210.0
M1186,70,3460.0
M1186,71,3530.0
M1186,72,3600.0
M1186,73,3600.0
M1186,74,3570.0
M1186,75,3480.0
M1186,76,3400.0
M1186,77,3340.0
M1186,78,3280.0
M1186,79,3050.0
M1186,80,3040.0
M1186,81,3070.0
M1186,82,3300.0
M1186,83,3350.0
M1186,84,3410.0
M1186,85,3340.0
M1186,86,3310.0
M1186,87,3260.0
M1186,88,3210.0
M1186,89,3170.0
M1186,90,3090.0
M1186,91,2930.0
M1186,92,2900.0
M1186,93,2900.0
M1186,94,3040.0
M1186,95,3090.0
M1186,96,3150.0
M1186,97,3150.0
M1186,98,3130.0
M1186,99,3080.0
M1186,100,3060.0
M1186,101,3010.0
M1186,102,2970.0
M1186,103,2800.0
M1186,104,2790.0
M1186,105,2810.0
M1186,106,3000.0
M1186,107,3060.0
M1186,108,3120.0
M1186,109,3160.0
M1186,110,3150.0
M1186,111,3100.0
M1186,112,3090.0
M1186,113,3100.0
M1186,114,3070.0
M1186,115,2960.0
M1186,116,2960.0
M1186,117,3010.0
M1186,118,3170.0
M1186,119,3210.0
M1186,120,3280.0
M1186,121,3300.0
M1186,122,3300.0
M1186,123,3250.0
M1186,124,3250.0
M1186,125,3250.0
M1186,126,3190.0
M1186,127,3080.0
M1186,128,3080.0
M1186,129,3140.0
M1186,130,3280.0
M1186,131,3340.0
M1186,132,3430.0
M1186,133,3450.0
M1186,134,3460.0
M1186,135,3410.0
M1186,136,3400.0
M1186,137,3360.0
M1186,138,3330.0
M1186,139,3220.0
M1186,140,3220.0
M1186,141,3250.0
M1186,142,3400.0
M1186,143,3470.0
M1186,144,3560.0
M1186,145,3570.0
M1186,146,3550.0
M1186,147,3490.0
M1186,148,3510.0
M1186,149,3470.0
M1186,150,3450.0
M1186,151,3330.0
M1186,152,3310.0
M1186,153,3320.0
M1186,154,3460.0
M1186,155,3520.0
M1186,156,3590.0
M1186,157,3630.0
M1186,158,3590.0
M1186,159,3500.0
M1186,160,3480.0
M1186,161,3420.0
M1186,162,3360.0
M1186,163,3220.0
M1186,164,3140.0
M1186,165,3110.0
M1186,166,3150.0
M1186,167,3180.0
M1186,168,3200.0
M1186,169,3170.0
M1186,170,3130.0
M1186,171,3080.0
M1186,172,3080.0
M1186,173,3030.0
M1186,174,2990.0
M1186,175,2880.0
M1186,176,2850.0
M1186,177,2860.0
M1186,178,2950.0
M1186,179,2990.0
M1186,180,3030.0
M1186,181,3020.0
M1186,182,3030.0
M1186,183,2990.0
M1186,184,3010.0
M1186,185,2990.0
M1186,186,2960.0
M1186,187,2850.0
M1186,188,2860.0
M1186,189,2850.0
M1186,190,2940.0
M1186,191,2960.0
M1186,192,3020.0
M1186,193,3040.0
M1186,194,3040.0
M1186,195,3010.0
M1186,196,3010.0
M1186,197,3000.0
M1186,198,2980.0
M1186,199,2900.0
M1186,200,2900.0
M1186,201,2930.0
M1186,202,3010.0
M1186,203,3050.0
M1186,204,3120.0
M1186,205,3150.0
M1186,206,3150.0
M1186,207,3120.0
M1186,208,3130.0
M1186,209,3130.0
M1186,210,3090.0
M1186,211,3020.0
M1186,212,3030.0
M1186,213,3050.0
M1186,214,3110.0
M1186,215,3160.0
M1186,216,3230.0
M1186,217,3260.0
M1186,218,3250.0
M1186,219,3220.0
M1186,220,3250.0
M1186,221,3230.0
M1186,222,3180.0
M1186,223,3100.0
M1186,224,3110.0
M1186,225,3140.0
M1186,226,3220.0
M1186,227,3280.0
M1186,228,3360.0
M1186,229,3390.0
M1186,230,3410.0
M1186,231,3350.0
M1186,232,3340.0
M1186,233,3360.0
M1186,234,3310.0
M1186,235,3260.0
M1186,236,3220.0
M1186,237,3240.0
M1186,238,3340.0
M1186,239,3410.0
M1186,240,3490.0
M1433,1,1390.6
M1433,2,1410.54
M1433,3,1443.81
M1433,4,1416.23
M1433,5,1412.0
M1433,6,1395.46
M1433,7,1367.57
M1433,8,1364.81
M1433,9,1343.86
M1433,10,1333.79
M1433,11,1346.63
M1433,12,1349.84
M1433,13,1370.49
M1433,14,1382.73
M1433,15,1417.42
M1433,16,1392.65
M1433,17,1383.84
M1433,18,1350.22
M1433,19,1327.69
M1433,20,1328.31
M1433,21,1310.48
M1433,22,1296.96
M1433,23,1309.23
M1433,24,1318.96
M1433,25,1345.18
M1433,26,1344.76
M1433,27,1371.86
M1433,28,1348.4
M1433,29,1342.07
M1433,30,1314.3
M1433,31,1290.16
M1433,32,1284.12
M1433,33,1268.57
M1433,34,1265.08
M1433,35,1268.09
M1433,36,1317.89
M1433,37,1313.21
M1433,38,1319.15
M1433,39,1347.21
M1433,40,1344.54
M1433,41,1332.71
M1433,42,1316.35
M1433,43,1305.39
M1433,44,1296.08
M1433,45,1278.92
M1433,46,1256.84
M1433,47,1258.54
M1433,48,1268.23
M1433,49,1280.34
M1433,50,1291.69
M1433,51,1279.75
M1433,52,1256.41
M1433,53,1242.6
M1433,54,1222.78
M1433,55,1182.84
M1433,56,1166.04
M1433,57,1145.92
M1433,58,1137.14
M1433,59,1124.8
M1433,60,1140.17
M1433,61,1156.23
M1433,62,1167.12
M1433,63,1186.51
M1433,64,1167.96
M1433,65,1151.74
M1433,66,1127.64
M1433,67,1107.64
M1433,68,1101.62
M1433,69,1091.66
M1433,70,1089.27
M1433,71,1076.37
M1433,72,1096.56
M1433,73,1105.35
M1433,74,1115.37
M1433,75,1124.77
M1433,76,1110.47
M1433,77,1103.56
M1433,78,1082.34
M1433,79,1060.58
M1433,80,1051.26
M1433,81,1033.93
M1433,82,1018.81
M1433,83,1022.05
M1433,84,1029.12
M1433,85,1031.83
M1433,86,1034.46
M1433,87,1039.68
M1433,88,1021.82
M1433,89,1024.92
M1433,90,1002.35
M1433,91,988.12
M1433,92,993.88
M1433,93,984.71
M1433,94,1000.0
M1433,95,1005.96
M1433,96,1018.29
M1433,97,1038.83
M1433,98,1044.7
M1433,99,1065.7
M1433,100,1059.01
M1433,101,1069.77
M1433,102,1057.78
M1433,103,1054.59
M1433,104,1062.6
M1433,105,1048.68
M1433,106,1072.34
M1433,107,1079.95
M1433,108,1090.3
M1433,109,1112.8
M1433,110,1116.66
M1433,111,1132.56
M1433,112,1121.6
M1433,113,1124.69
M1433,114,1122.45
M1433,115,1130.0
M1433,116,1125.72
M1433,117,1156.47
M1433,118,1198.8
M1433,119,1225.01
M1433,120,1268.12
M1433,121,1305.11
M1433,122,1316.83
M1433,123,1347.62
M1433,124,1352.56
M1433,125,1361.8
M1433,126,1348.77
M1433,127,1375.08
M1433,128,1353.39
M1433,129,1375.27
M1433,130,1374.79
M1433,131,1377.61
M1433,132,1404.65
M1433,133,1427.98
M1433,134,1443.83
M1433,135,1470.13
M1433,136,1468.19
M1433,137,1476.89
M1433,138,1426.45
M1433,139,1428.25
M1433,140,1387.41
M1433,141,1418.43
M1433,142,1465.18
M1433,143,1479.44
M1433,144,1491.92
M1433,145,1489.27
M1433,146,1527.05
M1433,147,1546.52
M1433,148,1544.98
M1433,149,1536.54
M1433,150,1541.04
M1433,151,1572.66
M1433,152,1574.7
M1433,153,1579.91
M1433,154,1581.0
M1433,155,1601.13
M1433,156,1595.02
M1433,157,1609.76
M1433,158,1600.84
M1433,159,1621.34
M1433,160,1617.82
M1433,161,1608.32
M1433,162,1597.6
M1433,163,1602.2
M1433,164,1605.01
M1433,165,1595.21
M1433,166,1585.47
M1433,167,1606.31
M1433,168,1571.77
M1433,169,1616.63
M1433,170,1631.93
M1433,171,1647.09
M1433,172,1645.38
M1433,173,1647.29
M1433,174,1648.41
M1433,175,1643.47
M1433,176,1644.03
M1433,177,1624.43
M1433,178,1649.2
M1433,179,1651.16
M1433,180,1651.88
M1433,181,1708.19
M1433,182,1739.32
M1433,183,1746.2
M1433,184,1748.34
M1433,185,1739.1
M1433,186,1793.73
M1433,187,1769.02
M1433,188,1776.38
M1433,189,1792.17
M1433,190,1835.15
M1433,191,1847.62
M1433,192,1894.41
M1433,193,1941.81
M1433,194,1960.06
M1433,195,2010.67
M1433,196,2049.27
M1433,197,2069.68
M1433,198,2109.97
M1433,199,2117.8
M1433,200,2147.02
M1433,201,2166.32
M1433,202,2182.64
M1433,203,2198.62
M1433,204,2240.68
M1433,205,2254.96
M1433,206,2271.1
M1433,207,2316.66
M1433,208,2309.14
M1433,209,2327.68
M1433,210,2354.55
M1433,211,2362.62
M1433,212,2373.77
M1433,213,2375.3
M1433,214,2428.06
M1433,215,2411.17
M1433,216,2428.24
M1433,217,2468.12
M1433,218,2451.72
M1433,219,2500.82
M1433,220,2482.54
M1433,221,2510.07
M1433,222,2516.3
M1433,223,2516.3
M1433,224,2522.23
M1433,225,2517.62
M1433,226,2511.89
M1433,227,2508.64
M1433,228,2532.78
M1433,229,2539.61
M1433,230,2531.35
M1433,231,2544.98
M1433,232,2534.96
M1433,233,2543.63
M1433,234,2539.03
M1433,235,2533.05
M1433,236,2522.44
M1433,237,2500.84
M1433,238,2509.12
M1433,239,2490.99
M1433,240,2497.92
M2574,1,4053.93
M2574,2,4045.17
M2574,3,4020.52
M2574,4,4003.03
M2574,5,3987.01
M2574,6,3954.29
M2574,7,3947.39
M2574,8,3935.16
M2574,9,3923.73
M2574,10,3916.4
M2574,11,3908.36
M2574,12,3899.56
M2574,13,3880.04
M2574,14,3870.26
M2574,15,3812.38
M2574,16,3812.11
M2574,17,3861.67
M2574,18,3876.26
M2574,19,3839.07
M2574,20,3810.16
M2574,21,3805.15
M2574,22,3805.03
M2574,23,3805.0
M2574,24,3795.0
M2574,25,3801.21
M2574,26,3795.0
M2574,27,3795.01
M2574,28,3795.0
M2574,29,3780.0
M2574,30,3780.0
M2574,31,3780.76
M2574,32,3769.38
M2574,33,3689.94
M2574,34,3513.95
M2574,35,3499.54
M2574,36,3492.9
M2574,37,3468.69
M2574,38,3473.5
M2574,39,3549.88
M2574,40,3572.44
M2574,41,3610.37
M2574,42,3619.89
M2574,43,3632.99
M2574,44,3645.36
M2574,45,3640.91
M2574,46,3649.99
M2574,47,3644.26
M2574,48,3643.95
M2574,49,3628.91
M2574,50,3614.93
M2574,51,3592.83
M2574,52,3546.21
M2574,53,3513.68
M2574,54,3491.15
M2574,55,3460.79
M2574,56,3521.38
M2574,57,3666.88
M2574,58,3727.08
M2574,59,3821.01
M2574,60,3890.87
M2574,61,3929.56
M2574,62,3939.93
M2574,63,3941.81
M2574,64,3957.27
M2574,65,4033.76
M2574,66,4097.11
M2574,67,4116.2
M2574,68,4211.52
M2574,69,4262.95
M2574,70,4321.09
M2574,71,4314.42
M2574,72,4319.0
M2574,73,4325.62
M2574,74,4340.03
M2574,75,4328.1
M2574,76,4344.98
M2574,77,4351.62
M2574,78,4366.27
M2574,79,4400.44
M2574,80,4424.86
M2574,81,4362.93
M2574,82,4366.61
M2574,83,4371.96
M2574,84,4381.47
M2574,85,4392.2
M2574,86,4397.68
M2574,87,4409.17
M2574,88,4422.92
M2574,89,4428.78
M2574,90,4479.79
M2574,91,4465.22
M2574,92,4471.73
M2574,93,4513.64
M2574,94,4536.43
M2574,95,4555.18
M2574,96,4572.74
M2574,97,4593.97
M2574,98,4614.0
M2574,99,4638.96
M2574,100,4693.79
M2574,101,4670.75
M2574,102,4635.5
M2574,103,4671.15
M2574,104,4694.0
M2574,105,4663.77
M2574,106,4630.0
M2574,107,4674.09
M2574,108,4679.61
M2574,109,4686.0
M2574,110,4707.34
M2574,111,4709.92
M2574,112,4741.9
M2574,113,4727.0
M2574,114,4740.7
M2574,115,4747.05
M2574,116,4748.72
M2574,117,4724.48
M2574,118,4693.88
M2574,119,4677.66
M2574,120,4656.38
M2574,121,4569.82
M2574,122,4525.0
M2574,123,4520.67
M2574,124,4517.75
M2574,125,4459.52
M2574,126,4453.0
M2574,127,4489.7
M2574,128,4509.0
M2574,129,4500.08
M2574,130,4511.63
M2574,131,4559.76
M2574,132,4614.55
M2574,133,4683.08
M2574,134,4663.33
M2574,135,4648.47
M2574,136,4685.11
M2574,137,4677.57
M2574,138,4660.53
M2574,139,4649.0
M2574,140,4660.0
M2574,141,4682.75
M2574,142,4677.8
M2574,143,4684.94
M2574,144,4705.85
M2574,145,4693.52
M2574,146,4707.9
M2574,147,4724.45
M2574,148,4716.15
M2574,149,4714.87
M2574,150,4705.97
M2574,151,4607.43
M2574,152,4678.44
M2574,153,4714.84
M2574,154,4711.69
M2574,155,4713.54
M2574,156,4727.95
M2574,157,4725.78
M2574,158,4738.25
M2574,159,4740.12
M2574,160,4740.82
M2574,161,4776.96
M2574,162,4784.83
M2574,163,4756.76
M2574,164,4785.84
M2574,165,4796.1
M2574,166,4823.3
M2574,167,4817.17
M2574,168,4813.0
M2574,169,4823.0
M2574,170,4843.5
M2574,171,4864.09
M2574,172,4889.1
M2574,173,4887.45
M2574,174,4850.07
M2574,175,4871.07
M2574,176,4917.95
M2574,177,4861.97
M2574,178,4869.21
M2574,179,4850.27
M2574,180,4880.71
M2574,181,4895.9
M2574,182,4927.17
M2574,183,4924.7
M2574,184,4952.0
M2574,185,5041.58
M2574,186,5166.67
M2574,187,5243.59
M2574,188,5449.99
M2574,189,5448.13
M2574,190,5442.96
M2574,191,5396.15
M2574,192,5217.04
M2574,193,5208.06
M2574,194,5181.29
M2574,195,5206.49
M2574,196,5177.47
M2574,197,5175.18
M2574,198,5208.36
M2574,199,5295.61
M2574,200,5391.35
M2574,201,5452.02
M2574,202,5482.0
M2574,203,5734.84
M2574,204,5759.8
M2574,205,5759.57
M2574,206,5760.0
M2574,207,5888.65
M2574,208,5989.58
M2574,209,5981.0
M2574,210,6067.22
M2574,211,6129.14
M2574,212,6180.0
M2574,213,6387.36
M2574,214,6372.21
M2574,215,6007.05
M2574,216,5869.84
M2574,217,5814.72
M2574,218,6001.86
M2574,219,6207.88
M2574,220,6277.03
M2574,221,6102.13
M2574,222,6109.96
M2574,223,6509.53
M2574,224,6834.25
M2574,225,6883.59
M2574,226,6857.03
M2574,227,6969.8
M2574,228,7209.8
M2574,229,7590.0
M2574,230,7586.57
M2574,231,7589.93
M2574,232,7587.84
M2574,233,7588.26
M2574,234,7451.05
M2574,235,7425.25
M2574,236,7222.87
M2574,237,7001.58
M2574,238,6858.57
M2574,239,6842.0
M2574,240,6836.33
M2803,1,8254.358
M2803,2,8222.536
M2803,3,8667.184
M2803,4,8162.332
M2803,5,8624.117
M2803,6,9694.171
M2803,7,8130.215
M2803,8,7792.068
M2803,9,8178.906
M2803,10,8274.09
M2803,11,8425.131
M2803,12,7232.239
M2803,13,8453.17
M2803,14,8279.472
M2803,15,8580.035
M2803,16,8622.31
M2803,17,9168.248
M2803,18,8653.771
M2803,19,8891.986
M2803,20,7939.35
M2803,21,8447.144
M2803,22,9302.461
M2803,23,8751.578
M2803,24,7709.223
M2803,25,9153.548
M2803,26,8939.792
M2803,27,9280.188
M2803,28,9996.589
M2803,29,9777.883
M2803,30,10687.635
M2803,31,10527.439
M2803,32,9201.087
M2803,33,9925.814
M2803,34,10198.099
M2803,35,10492.267
M2803,36,9849.425
M2803,37,10562.452
M2803,38,9982.455
M2803,39,11375.868
M2803,40,10839.754
M2803,41,10370.397
M2803,42,10758.847
M2803,43,10921.808
M2803,44,8455.947
M2803,45,10869.734
M2803,46,9784.937
M2803,47,10005.097
M2803,48,9365.304
M2803,49,4604.519
M2803,50,5583.653
M2803,51,5503.41
M2803,52,5108.496
M2803,53,5364.874
M2803,54,5717.374
M2803,55,5649.36
M2803,56,5220.801
M2803,57,5353.491
M2803,58,5605.261
M2803,59,6164.787
M2803,60,5771.894
M2803,61,5322.391
M2803,62,6175.86
M2803,63,7168.14
M2803,64,5626.106
M2803,65,6660.662
M2803,66,6481.522
M2803,67,6424.892
M2803,68,6211.245
M2803,69,6308.785
M2803,70,7141.752
M2803,71,6856.315
M2803,72,6006.956
M2803,73,6680.473
M2803,74,6911.211
M2803,75,6964.69
M2803,76,6668.213
M2803,77,7885.898
M2803,78,6997.186
M2803,79,7065.082
M2803,80,6997.989
M2803,81,6359.46
M2803,82,7139.77
M2803,83,6824.03
M2803,84,5937.793
M2803,85,6426.518
M2803,86,6505.502
M2803,87,7027.494
M2803,88,7257.812
M2803,89,6234.155
M2803,90,7317.362
M2803,91,7109.28
M2803,92,6678.1
M2803,93,6435.594
M2803,94,7131.757
M2803,95,7039.735
M2803,96,6014.383
M2803,97,7281.028
M2803,98,6991.631
M2803,99,7215.544
M2803,100,7118.385
M2803,101,7086.007
M2803,102,7247.767
M2803,103,7371.233
M2803,104,6853.412
M2803,105,8030.364
M2803,106,7347.501
M2803,107,7090.239
M2803,108,6529.446
M2803,109,7510.846
M2803,110,7438.277
M2803,111,8504.376
M2803,112,8111.788
M2803,113,7982.674
M2803,114,8524.223
M2803,115,7971.138
M2803,116,7711.358
M2803,117,8081.022
M2803,118,8471.207
M2803,119,8436.435
M2803,120,7609.085
M2803,121,8209.448
M2803,122,8361.294
M2803,123,8704.685
M2803,124,8706.557
M2803,125,8558.896
M2803,126,9232.59
M2803,127,8511.351
M2803,128,8591.747
M2803,129,9175.019
M2803,130,9079.062
M2803,131,9066.741
M2803,132,8617.584
M2803,133,9146.997
M2803,134,9312.023
M2803,135,10514.342
M2803,136,9545.716
M2803,137,9327.999
M2803,138,10257.679
M3112,1,4555.5
M3112,2,4359.252
M3112,3,3990.089
M3112,4,4395.681
M3112,5,4777.406
M3112,6,5172.368
M3112,7,4540.32
M3112,8,4147.983
M3112,9,4723.854
M3112,10,4810.162
M3112,11,4843.611
M3112,12,5102.16
M3112,13,4554.125
M3112,14,5330.366
M3112,15,4771.57
M3112,16,5165.249
M3112,17,6247.707
M3112,18,5565.885
M3112,19,4851.074
M3112,20,5176.319
M3112,21,5634.539
M3112,22,5991.558
M3112,23,6722.391
M3112,24,5788.06
M3112,25,6285.332
M3112,26,7019.03
M3112,27,5503.833
M3112,28,7383.685
M3112,29,7430.296
M3112,30,6740.001
M3112,31,6941.958
M3112,32,6360.719
M3112,33,7028.228
M3112,34,8350.268
M3112,35,7805.675
M3112,36,7124.39
M3112,37,7318.956
M3112,38,8330.494
M3112,39,6421.434
M3112,40,7441.7
M3112,41,7973.268
M3112,42,7901.455
M3112,43,7694.116
M3112,44,3300.643
M3112,45,3529.274
M3112,46,4377.228
M3112,47,4477.243
M3112,48,3848.958
M3112,49,4399.494
M3112,50,4958.865
M3112,51,3941.519
M3112,52,4155.871
M3112,53,4567.87
M3112,54,5009.973
M3112,55,4858.505
M3112,56,4040.02
M3112,57,4948.739
M3112,58,5606.604
M3112,59,4344.32
M3112,60,5586.358
M3112,61,5026.624
M3112,62,5461.652
M3112,63,5049.749
M3112,64,4772.196
M3112,65,5939.67
M3112,66,5867.017
M3112,67,5121.27
M3112,68,6048.509
M3112,69,5331.693
M3112,70,6015.533
M3112,71,5542.167
M3112,72,5852.842
M3112,73,5832.832
M3112,74,6354.791
M3112,75,5548.342
M3112,76,5043.564
M3112,77,6144.007
M3112,78,5294.627
M3112,79,4815.021
M3112,80,5372.056
M3112,81,5404.533
M3112,82,5947.969
M3112,83,5928.142
M3112,84,5204.474
M3112,85,5475.573
M3112,86,6543.689
M3112,87,5711.394
M3112,88,5685.989
M3112,89,6302.215
M3112,90,5844.075
M3112,91,4843.04
M3112,92,5491.455
M3112,93,5357.802
M3112,94,5147.665
M3112,95,5033.767
M3112,96,5235.623
M3112,97,4826.511
M3112,98,5565.83
M3112,99,4467.895
M3112,100,5426.257
M3112,101,5409.686
M3112,102,5023.535
M3112,103,4667.587
M3112,104,4918.037
M3112,105,5108.804
M3112,106,5635.488
M3112,107,5695.645
M3112,108,5310.102
M3112,109,5585.438
M3112,110,5888.971
M3112,111,4840.32
M3112,112,5390.493
M3112,113,5567.005
M3112,114,5539.801
M3112,115,5380.274
M3112,116,5081.526
M3112,117,5158.294
M3112,118,5544.622
M3112,119,5561.136
M3112,120,5416.983
M3112,121,6273.715
M3112,122,5745.96
M3112,123,5819.781
M3112,124,6129.484
M3112,125,6221.889
M3112,126,6255.14
M3112,127,6090.613
M3112,128,5808.156
M3112,129,6391.447
M3112,130,7114.614
M3112,131,5695.938
M3112,132,6137.532
M3112,133,6178.488
M3112,134,6499.022
M3112,135,5890.309
M3112,136,6997.666
M3112,137,7216.472
M3112,138,7679.93
M3112,139,6381.76
M3112,140,5971.916
M3112,141,6179.081
M3112,142,6221.458
M3112,143,5699.066
M3112,144,5793.223
M3112,145,6046.038
M3112,146,6538.691
M3112,147,6078.582
M3112,148,6279.06
M3112,149,6676.832
M3112,150,6563.679
M3112,151,5279.485
M3112,152,6306.142
M3112,153,6439.086
M3112,154,5974.036
M3112,155,6216.422
M3112,156,5196.52
M3112,157,6663.221
M3112,158,5895.531
M3112,159,5475.762
M3112,160,6329.914
M3112,161,6309.93
M3112,162,5813.39
M3112,163,4808.275
M3112,164,4328.022
M3112,165,4636.289
M3112,166,4858.8
M3112,167,4673.232
M3112,168,3891.97
M3112,169,4933.728
M3112,170,4974.114
M3112,171,3603.424
M3112,172,4344.537
M3112,173,4641.955
M3112,174,5199.438
M3112,175,4270.854
M3112,176,3761.362
M3112,177,4478.529
M3112,178,6397.863
M3112,179,5145.017
M3112,180,5191.929
M3112,181,5867.013
M3112,182,5974.484
M3112,183,5088.497
M3112,184,6031.459
M3112,185,5856.361
M3112,186,6474.163
M3112,187,5307.487
M3112,188,5225.32
M3112,189,5871.942
M3112,190,6528.393
M3112,191,5487.143
M3112,192,6217.305
M3112,193,5952.291
M3112,194,6165.825
M3112,195,6081.071
M3112,196,6507.827
M3112,197,6521.325
M3112,198,6764.499
M3112,199,6452.698
M3112,200,7064.423
M3112,201,6922.563
M3112,202,7398.19
M3112,203,6493.477
M3112,204,6804.672
M3112,205,7042.675
M3112,206,8000.939
M3112,207,7676.445
M3112,208,7999.129
M3112,209,8067.974
M3112,210,7569.865
M3112,211,5931.005
M3112,212,6890.473
M3112,213,6911.187
M3112,214,7953.864
M3112,215,7678.84
M3112,216,6830.596
M3112,217,6992.596
M3112,218,7530.335
M3112,219,7265.65
M3112,220,7929.566
M3112,221,8406.76
M3112,222,8547.335
M3112,223,6410.631
M3112,224,7202.763
M3112,225,7607.663
M3112,226,7848.316
M3112,227,7663.871
M3112,228,7532.462
M3112,229,7271.51
M3112,230,8754.865
M3112,231,7160.506
M3112,232,9639.862
M3112,233,9014.422
M3112,234,8284.169
M3112,235,7947.357
M3112,236,7727.732
M3112,237,8793.97
M3112,238,10704.406
M3112,239,9811.713
M3112,240,8607.968
M4267,1,6900.0
M4267,2,7500.0
M4267,3,6000.0
M4267,4,7500.0
M4267,5,6600.0
M4267,6,5600.0
M4267,7,7100.0
M4267,8,6700.0
M4267,9,5200.0
M4267,10,5900.0
M4267,11,6500.0
M4267,12,5700.0
M4267,13,7200.0
M4267,14,6400.0
M4267,15,6900.0
M4267,16,7100.0
M4267,17,7600.0
M4267,18,6100.0
M4267,19,6600.0
M4267,20,6800.0
M4267,21,5300.0
M4267,22,6500.0
M4267,23,6400.0
M4267,24,6000.0
M4267,25,7400.0
M4267,26,7400.0
M4267,27,7700.0
M4267,28,8500.0
M4267,29,7500.0
M4267,30,6300.0
M4267,31,8200.0
M4267,32,5700.0
M4267,33,7500.0
M4267,34,6400.0
M4267,35,6200.0
M4267,36,6400.0
M4267,37,8200.0
M4267,38,8200.0
M4267,39,8600.0
M4267,40,8700.0
M4267,41,7500.0
M4267,42,7200.0
M4267,43,7000.0
M4267,44,7200.0
M4267,45,7000.0
M4267,46,7100.0
M4267,47,6700.0
M4267,48,7100.0
M4267,49,7800.0
M4267,50,8000.0
M4267,51,7500.0
M4267,52,7500.0
M4267,53,9000.0
M4267,54,7100.0
M4267,55,7900.0
M4267,56,7000.0
M4267,57,7400.0
M4267,58,6600.0
M4267,59,8500.0
M4267,60,8000.0
M4267,61,8200.0
M4267,62,9400.0
M4267,63,8600.0
M4267,64,10800.0
M4267,65,9700.0
M4267,66,7400.0
M4267,67,8100.0
M4267,68,5900.0
M4267,69,7000.0
M4267,70,6400.0
M4267,71,7600.0
M4267,72,6800.0
M4267,73,7200.0
M4267,74,8600.0
M4267,75,7400.0
M4267,76,9400.0
M4267,77,9200.0
M4267,78,6400.0
M4267,79,7700.0
M4267,80,7100.0
M4267,81,5500.0
M4267,82,7500.0
M4267,83,7200.0
M4267,84,7400.0
M4267,85,8300.0
M4267,86,9000.0
M4267,87,8400.0
M4267,88,10000.0
M4267,89,9000.0
M4267,90,9000.0
M4267,91,9800.0
M4267,92,7100.0
M4267,93,7000.0
M4267,94,7000.0
M4267,95,8000.0
M4267,96,8100.0
M4267,97,8600.0
M4267,98,8600.0
M4267,99,8600.0
M4267,100,9300.0
M4267,101,8300.0
M4267,102,7100.0
M4267,103,7900.0
M4267,104,6200.0
M4267,105,8300.0
M4267,106,7900.0
M4267,107,8000.0
M4267,108,9000.0
M4267,109,9500.0
M4267,110,9600.0
M4267,111,10200.0
M4267,112,10500.0
M4267,113,10200.0
M4267,114,13600.0
M4267,115,9300.0
M4267,116,8900.0
M4267,117,7600.0
M4267,118,9300.0
M4267,119,9200.0
M4267,120,8900.0
M4267,121,9300.0
M4267,122,10400.0
M4267,123,9600.0
M4267,124,9900.0
M4267,125,13200.0
M4267,126,7800.0
M4267,127,9900.0
M4267,128,7400.0
M4267,129,9800.0
M4267,130,8300.0
M4267,131,11200.0
M4267,132,10600.0
M4267,133,10200.0
M4267,134,11500.0
M4267,135,12000.0
M4267,136,11500.0
M4267,137,13000.0
M4267,138,10200.0
M4267,139,12100.0
M4267,140,9400.0
M4267,141,8600.0
M4267,142,10000.0
M4267,143,13500.0
M4267,144,13300.0
M4267,145,9200.0
M4267,146,11800.0
M4267,147,9700.0
M4267,148,10700.0
M4267,149,10400.0
M4267,150,9000.0
M4267,151,10600.0
M4267,152,9000.0
M4267,153,7400.0
M4267,154,8600.0
M4267,155,9600.0
M4267,156,8900.0
M4267,157,8600.0
M4267,158,9500.0
M4267,159,12300.0
M4267,160,13600.0
M4267,161,12600.0
M4267,162,11400.0
M4267,163,9000.0
M4267,164,10300.0
M4267,165,11800.0
M4267,166,7100.0
M4267,167,6700.0
M4267,168,6400.0
M4267,169,7800.0
M4267,170,7400.0
M4267,171,8700.0
M4267,172,9400.0
M4267,173,8200.0
M4267,174,8000.0
M4267,175,8200.0
M4267,176,7900.0
M4267,177,11000.0
M4267,178,7800.0
M4267,179,8400.0
M4267,180,10100.0
M4267,181,9500.0
M4267,182,10600.0
M4267,183,10000.0
M4267,184,9300.0
M4267,185,11000.0
M4267,186,9400.0
M4267,187,8500.0
M4267,188,7100.0
M4267,189,8100.0
M4267,190,12000.0
M4267,191,8500.0
M4267,192,7800.0
M4267,193,8500.0
M4267,194,9600.0
M4267,195,9400.0
M4267,196,9700.0
M4267,197,9600.0
M4267,198,8100.0
M4267,199,9300.0
M4267,200,6900.0
M4267,201,8000.0
M4267,202,7200.0
M4267,203,9000.0
M4267,204,9200.0
M4267,205,8800.0
M4267,206,9400.0
M4267,207,8800.0
M4267,208,10000.0
M4267,209,10000.0
M4267,210,6900.0
M4267,211,8900.0
M4267,212,7600.0
M4267,213,6500.0
M4267,214,7400.0
M4267,215,8900.0
M4267,216,9200.0
M4267,217,9800.0
M4267,218,9900.0
M4267,219,9900.0
M4267,220,10200.0
M4267,221,12800.0
M4267,222,8100.0
M4267,223,10300.0
M4267,224,7700.0
M4267,225,8100.0
M4267,226,8400.0
M4267,227,9100.0
M4267,228,8300.0
M4267,229,10300.0
M4267,230,9000.0
M4267,231,12600.0
M4267,232,12700.0
M4267,233,11200.0
M4267,234,9100.0
M4267,235,12000.0
M4267,236,10200.0
M4267,237,11600.0
M4267,238,10500.0
M4267,239,10400.0
M4267,240,12300.0
M5922,1,4982.97
M5922,2,4838.66
M5922,3,4642.45
M5922,4,4431.36
M5922,5,4300.68
M5922,6,4307.45
M5922,7,4389.25
M5922,8,4509.41
M5922,9,4667.95
M5922,10,4803.19
M5922,11,4881.11
M5922,12,4923.99
M5922,13,4939.75
M5922,14,4960.74
M5922,15,5005.63
M5922,16,5044.92
M5922,17,5037.71
M5922,18,4946.42
M5922,19,4725.75
M5922,20,4490.69
M5922,21,4401.95
M5922,22,4583.51
M5922,23,5022.27
M5922,24,5557.96
M5922,25,5942.64
M5922,26,6029.85
M5922,27,5839.2
M5922,28,5522.2
M5922,29,5295.81
M5922,30,5334.28
M5922,31,5659.25
M5922,32,6085.27
M5922,33,6341.1
M5922,34,6362.76
M5922,35,6109.12
M5922,36,5706.87
M5922,37,5325.94
M5922,38,5057.24
M5922,39,4900.29
M5922,40,4821.3
M5922,41,4828.19
M5922,42,4857.5
M5922,43,4858.89
M5922,44,4871.17
M5922,45,4930.21
M5922,46,4988.66
M5922,47,5034.64
M5922,48,5061.26
M5922,49,5062.81
M5922,50,5120.81
M5922,51,5265.06
M5922,52,5467.0
M5922,53,5642.84
M5922,54,5777.73
M5922,55,5865.22
M5922,56,5817.06
M5922,57,5613.95
M5922,58,5330.7
M5922,59,4997.35
M5922,60,4675.62
M5922,61,4470.3
M5922,62,4490.15
M5922,63,4716.54
M5922,64,5063.0
M5922,65,5322.49
M5922,66,5361.02
M5922,67,5225.74
M5922,68,5103.85
M5922,69,5062.47
M5922,70,5219.7
M5922,71,5584.61
M5922,72,6028.47
M5922,73,6403.1
M5922,74,6570.78
M5922,75,6557.37
M5922,76,6489.77
M5922,77,6483.31
M5922,78,6589.96
M5922,79,6769.42
M5922,80,6962.65
M5922,81,7169.26
M5922,82,7297.99
M5922,83,7367.3
M5922,84,7504.68
M5922,85,7710.28
M5922,86,7962.78
M5922,87,8172.6
M5922,88,8298.38
M5922,89,8363.46
M5922,90,8381.01
M5922,91,8388.96
M5922,92,8459.18
M5922,93,8559.25
M5922,94,8711.82
M5922,95,8976.4
M5922,96,9296.01
M5922,97,9640.02
M5922,98,9977.96
M5922,99,10238.37
M5922,100,10352.94
M5922,101,10352.14
M5922,102,10316.15
M5922,103,10253.68
M5922,104,10116.82
M5922,105,9988.57
M5922,106,9895.04
M5922,107,9886.38
M5922,108,10021.82
M5922,109,10314.15
M5922,110,10592.45
M5922,111,10845.27
M5922,112,11093.57
M5922,113,11210.18
M5922,114,11272.19
M5922,115,11308.62
M5922,116,11449.18
M5922,117,11707.03
M5922,118,11976.85
M5922,119,12218.75
M5922,120,12290.77
M5922,121,12341.07
M5922,122,12417.01
M5922,123,12550.5
M5922,124,12675.96
M5922,125,12777.84
M5922,126,12756.04
M5922,127,12604.98
M5922,128,12528.62
M5922,129,12620.0
M5922,130,12987.13
M5922,131,13421.53
M5922,132,13798.06
M5922,133,13936.91
M5922,134,13863.63
M5922,135,13784.34
M5922,136,13824.14
M5922,137,14033.37
M5922,138,14410.14
M5922,139,14785.58
M5922,140,15112.16
M5922,141,15360.47
M5922,142,15540.27
M5922,143,15723.52
M5922,144,15947.37
M5922,145,16294.55
M5922,146,16766.53
M5922,147,17305.85
M5922,148,17908.24
M5922,149,18280.67
M5922,150,18272.63
M5922,151,17870.81
M5922,152,17307.39
M5922,153,16817.33
M5922,154,16651.97
M5922,155,16781.76
M5922,156,16985.79
M5922,157,16977.43
M5922,158,16494.8
M5922,159,15546.96
M5922,160,14176.93
M5922,161,12897.99
M5922,162,12076.39
M5922,163,11741.68
M5922,164,11774.65
M5922,165,11922.45
M5922,166,11975.84
M5922,167,11707.81
M5922,168,11353.85
M5922,169,11185.25
M5922,170,11355.32
M5922,171,11843.73
M5922,172,12470.11
M5922,173,13118.75
M5922,174,13529.58
M5922,175,13816.13
M5922,176,13949.69
M5922,177,13825.87
M5922,178,13633.65
M5922,179,13617.33
M5922,180,13737.44
M5922,181,13780.82
M5922,182,13756.15
M5922,183,13559.26
M5922,184,13143.25
M5922,185,12534.84
M5922,186,11873.69
M5922,187,11446.47
M5922,188,11263.09
M5922,189,11410.82
M5922,190,11704.74
M5922,191,11881.32
M5922,192,11897.48
M5922,193,11856.99
M5922,194,11830.23
M5922,195,11853.7
M5922,196,11950.21
M5922,197,12012.77
M5922,198,11947.42
M5922,199,11726.52
M5922,200,11464.48
M5922,201,11322.71
M5922,202,11334.1
M5922,203,11542.29
M5922,204,11861.84
M5922,205,12118.91
M5922,206,12199.04
M5922,207,12189.48
M5922,208,12171.47
M5922,209,12196.76
M5922,210,12441.9
M5922,211,12826.05
M5922,212,13245.48
M5922,213,13430.55
M5922,214,13377.41
M5922,215,13193.39
M5922,216,12962.21
M5922,217,12851.98
M5922,218,13035.71
M5922,219,13566.6
M5922,220,14345.36
M5922,221,14977.11
M5922,222,15168.46
M5922,223,14872.19
M5922,224,14352.87
M5922,225,13957.56
M5922,226,13834.24
M5922,227,13850.57
M5922,228,13995.32
M5922,229,14102.9
M5922,230,14076.94
M5922,231,13974.26
M5922,232,13937.67
M5922,233,14122.58
M5922,234,14650.46
M5922,235,15447.7
M5922,236,16359.66
M5922,237,16984.13
M5922,238,17093.2
M5922,239,16854.41
M5922,240,16442.93
M5938,1,7877.0
M5938,2,8106.0
M5938,3,10566.0
M5938,4,8334.0
M5938,5,3787.0
M5938,6,1690.0
M5938,7,7869.0
M5938,8,3087.0
M5938,9,6786.0
M5938,10,4110.0
M5938,11,6871.0
M5938,12,1742.0
M5938,13,5097.0
M5938,14,9249.0
M5938,15,4536.0
M5938,16,5494.0
M5938,17,6997.0
M5938,18,11652.0
M5938,19,9897.0
M5938,20,5858.0
M5938,21,7003.0
M5938,22,4063.0
M5938,23,9713.0
M5938,24,6189.0
M5938,25,8009.0
M5938,26,7583.0
M5938,27,6676.0
M5938,28,6307.0
M5938,29,7111.0
M5938,30,8385.0
M5938,31,5799.0
M5938,32,4832.0
M5938,33,8444.0
M5938,34,6949.0
M5938,35,8801.0
M5938,36,12596.0
M5938,37,7919.0
M5938,38,9260.0
M5938,39,7447.0
M5938,40,9600.0
M5938,41,4434.0
M5938,42,5500.0
M5938,43,6728.0
M5938,44,2896.0
M5938,45,6690.0
M5938,46,7153.0
M5938,47,5032.0
M5938,48,5478.0
M5938,49,9206.0
M5938,50,6688.0
M5938,51,7557.0
M5938,52,7258.0
M5938,53,14198.0
M5938,54,8656.0
M5938,55,8444.0
M5938,56,6833.0
M5938,57,7341.0
M5938,58,5021.0
M5938,59,7191.0
M5938,60,7028.0
M5938,61,4885.0
M5938,62,5165.0
M5938,63,4835.0
M5938,64,7231.0
M5938,65,5764.0
M5938,66,8419.0
M5938,67,6091.0
M5938,68,3838.0
M5938,69,5481.0
M5938,70,5895.0
M5938,71,5345.0
M5938,72,7072.0
M5938,73,5725.0
M5938,74,8212.0
M5938,75,9581.0
M5938,76,5406.0
M5938,77,12085.0
M5938,78,10205.0
M5938,79,11855.0
M5938,80,1958.0
M5938,81,4320.0
M5938,82,3743.0
M5938,83,5566.0
M5938,84,7945.0
M5938,85,7186.0
M5938,86,6179.0
M5938,87,2524.0
M5938,88,9497.0
M5938,89,6365.0
M5938,90,6211.0
M5938,91,9671.0
M5938,92,4214.0
M5938,93,4519.0
M5938,94,4459.0
M5938,95,5114.0
M5938,96,8398.0
M5938,97,27765.0
M5938,98,11612.0
M5938,99,7814.0
M5938,100,45407.0
M5938,101,17577.0
M5938,102,15143.0
M5938,103,30568.0
M5938,104,7896.0
M5938,105,13158.0
M5938,106,16035.0
M5938,107,9687.0
M5938,108,9685.0
M5938,109,12950.0
M5938,110,6577.0
M5938,111,6044.0
M5938,112,13761.0
M5938,113,14591.0
M5938,114,10734.0
M5938,115,9768.0
M5938,116,2743.0
M5938,117,8296.0
M5938,118,6151.0
M5938,119,7409.0
M5938,120,6852.0
M5938,121,12289.0
M5938,122,9927.0
M5938,123,8982.0
M5938,124,6329.0
M5938,125,12495.0
M5938,126,12760.0
M5938,127,4048.0
M5938,128,9056.0
M5938,129,15593.0
M5938,130,2828.0
M5938,131,5414.0
M5938,132,6976.0
M5938,133,10509.0
M5938,134,8327.0
M5938,135,12402.0
M5938,136,11846.0
M5938,137,10932.0
M5938,138,9294.0
M5938,139,10861.0
M5938,140,12616.0
M5938,141,12175.0
M5938,142,8825.0
M5938,143,8277.0
M5938,144,8949.0
M5938,145,12287.0
M5938,146,8876.0
M5938,147,7412.0
M5938,148,9955.0
M5938,149,6873.0
M5938,150,12204.0
M5938,151,15529.0
M5938,152,11712.0
M5938,153,12036.0
M5938,154,8839.0
M5938,155,15690.0
M5938,156,12185.0
M5938,157,6149.0
M5938,158,12522.0
M5938,159,15469.0
M5938,160,10306.0
M5938,161,16832.0
M5938,162,7860.0
M5938,163,10705.0
M5938,164,10575.0
M5938,165,7942.0
M5938,166,7516.0
M5938,167,9238.0
M5938,168,6386.0
M11988,1,1400.0
M11988,2,1410.0
M11988,3,1410.0
M11988,4,1410.0
M11988,5,1430.0
M11988,6,1450.0
M11988,7,1400.0
M11988,8,1390.0
M11988,9,1390.0
M11988,10,1380.0
M11988,11,1410.0
M11988,12,1410.0
M11988,13,1400.0
M11988,14,1410.0
M11988,15,1400.0
M11988,16,1390.0
M11988,17,1420.0
M11988,18,1440.0
M11988,19,1360.0
M11988,20,1350.0
M11988,21,1330.0
M11988,22,1340.0
M11988,23,1340.0
M11988,24,1340.0
M11988,25,1320.0
M11988,26,1330.0
M11988,27,1330.0
M11988,28,1320.0
M11988,29,1350.0
M11988,30,1370.0
M11988,31,1280.0
M11988,32,1280.0
M11988,33,1280.0
M11988,34,1270.0
M11988,35,1290.0
M11988,36,1290.0
M11988,37,1300.0
M11988,38,1290.0
M11988,39,1280.0
M11988,40,1290.0
M11988,41,1320.0
M11988,42,1340.0
M11988,43,1330.0
M11988,44,1300.0
M11988,45,1300.0
M11988,46,1380.0
M11988,47,1390.0
M11988,48,1390.0
M11988,49,1390.0
M11988,50,1380.0
M11988,51,1380.0
M11988,52,1380.0
M11988,53,1420.0
M11988,54,1440.0
M11988,55,1390.0
M11988,56,1380.0
M11988,57,1390.0
M11988,58,1390.0
M11988,59,1400.0
M11988,60,1430.0
M11988,61,1410.0
M11988,62,1430.0
M11988,63,1400.0
M11988,64,1430.0
M11988,65,1460.0
M11988,66,1490.0
M11988,67,1420.0
M11988,68,1410.0
M11988,69,1400.0
M11988,70,1420.0
M11988,71,1420.0
M11988,72,1430.0
M11988,73,1430.0
M11988,74,1420.0
M11988,75,1410.0
M11988,76,1420.0
M11988,77,1420.0
M11988,78,1440.0
M11988,79,1380.0
M11988,80,1360.0
M11988,81,1370.0
M11988,82,1380.0
M11988,83,1390.0
M11988,84,1420.0
M11988,85,1360.0
M11988,86,1380.0
M11988,87,1360.0
M11988,88,1330.0
M11988,89,1350.0
M11988,90,1360.0
M11988,91,1270.0
M11988,92,1260.0
M11988,93,1270.0
M11988,94,1280.0
M11988,95,1300.0
M11988,96,1310.0
M11988,97,1300.0
M11988,98,1290.0
M11988,99,1280.0
M11988,100,1290.0
M11988,101,1320.0
M11988,102,1330.0
M11988,103,1250.0
M11988,104,1250.0
M11988,105,1240.0
M11988,106,1280.0
M11988,107,1280.0
M11988,108,1280.0
M11988,109,1300.0
M11988,110,1310.0
M11988,111,1300.0
M11988,112,1290.0
M11988,113,1320.0
M11988,114,1330.0
M11988,115,1260.0
M11988,116,1250.0
M11988,117,1250.0
M11988,118,1260.0
M11988,119,1270.0
M11988,120,1260.0
M11988,121,1280.0
M11988,122,1280.0
M11988,123,1270.0
M11988,124,1280.0
M11988,125,1300.0
M11988,126,1310.0
M11988,127,1260.0
M11988,128,1250.0
M11988,129,1250.0
M11988,130,1260.0
M11988,131,1280.0
M11988,132,1280.0
M11988,133,1270.0
M11988,134,1270.0
M11988,135,1250.0
M11988,136,1260.0
M11988,137,1280.0
M11988,138,1290.0
M11988,139,1240.0
M11988,140,1220.0
M11988,141,1230.0
M11988,142,1220.0
M11988,143,1240.0
M11988,144,1240.0
M11988,145,1230.0
M11988,146,1230.0
M11988,147,1220.0
M11988,148,1220.0
M11988,149,1240.0
M11988,150,1240.0
M11988,151,1210.0
M11988,152,1200.0
M11988,153,1210.0
M11988,154,1210.0
M11988,155,1210.0
M11988,156,1220.0
M11988,157,1210.0
M11988,158,1210.0
M11988,159,1190.0
M11988,160,1190.0
M11988,161,1190.0
M11988,162,1190.0
M11988,163,1150.0
M11988,164,1150.0
M11988,165,1160.0
M11988,166,1160.0
M11988,167,1180.0
M11988,168,1190.0
M11988,169,1180.0
M11988,170,1190.0
M11988,171,1170.0
M11988,172,1170.0
M11988,173,1190.0
M11988,174,1190.0
M11988,175,1150.0
M11988,176,1130.0
M11988,177,1130.0
M11988,178,1160.0
M11988,179,1170.0
M11988,180,1190.0
M11988,181,1190.0
M11988,182,1190.0
M11988,183,1170.0
M11988,184,1170.0
M11988,185,1200.0
M11988,186,1210.0
M11988,187,1160.0
M11988,188,1160.0
M11988,189,1160.0
M11988,190,1160.0
M11988,191,1180.0
M11988,192,1190.0
M11988,193,1200.0
M11988,194,1190.0
M11988,195,1170.0
M11988,196,1170.0
M11988,197,1190.0
M11988,198,1190.0
M11988,199,1150.0
M11988,200,1140.0
M11988,201,1150.0
M11988,202,1170.0
M11988,203,1180.0
M11988,204,1180.0
M11988,205,1180.0
M11988,206,1170.0
M11988,207,1160.0
M11988,208,1150.0
M11988,209,1180.0
M11988,210,1180.0
M11988,211,1140.0
M11988,212,1130.0
M11988,213,1130.0
M11988,214,1170.0
M11988,215,1200.0
M11988,216,1210.0
M11988,217,1200.0
M11988,218,1210.0
M11988,219,1190.0
M11988,220,1190.0
M11988,221,1220.0
M11988,222,1230.0
M11988,223,1210.0
M11988,224,1200.0
M11988,225,1200.0
M11988,226,1220.0
M11988,227,1230.0
M11988,228,1270.0
M11988,229,1260.0
M11988,230,1280.0
M11988,231,1270.0
M11988,232,1260.0
M11988,233,1270.0
M11988,234,1280.0
M11988,235,1260.0
M11988,236,1250.0
M11988,237,1240.0
M11988,238,1260.0
M11988,239,1280.0
M11988,240,1290.0
M12446,1,1490.0
M12446,2,1510.0
M12446,3,1500.0
M12446,4,1460.0
M12446,5,1480.0
M12446,6,1500.0
M12446,7,1410.0
M12446,8,1420.0
M12446,9,1470.0
M12446,10,1460.0
M12446,11,1520.0
M12446,12,1560.0
M12446,13,1510.0
M12446,14,1500.0
M12446,15,1510.0
M12446,16,1470.0
M12446,17,1530.0
M12446,18,1550.0
M12446,19,1490.0
M12446,20,1480.0
M12446,21,1490.0
M12446,22,1460.0
M12446,23,1510.0
M12446,24,1550.0
M12446,25,1530.0
M12446,26,1580.0
M12446,27,1580.0
M12446,28,1520.0
M12446,29,1550.0
M12446,30,1590.0
M12446,31,1580.0
M12446,32,1570.0
M12446,33,1560.0
M12446,34,1500.0
M12446,35,1520.0
M12446,36,1540.0
M12446,37,1420.0
M12446,38,1430.0
M12446,39,1430.0
M12446,40,1440.0
M12446,41,1460.0
M12446,42,1480.0
M12446,43,1480.0
M12446,44,1470.0
M12446,45,1470.0
M12446,46,1430.0
M12446,47,1460.0
M12446,48,1540.0
M12446,49,1510.0
M12446,50,1480.0
M12446,51,1450.0
M12446,52,1510.0
M12446,53,1530.0
M12446,54,1540.0
M12446,55,1520.0
M12446,56,1480.0
M12446,57,1490.0
M12446,58,1480.0
M12446,59,1470.0
M12446,60,1490.0
M12446,61,1490.0
M12446,62,1500.0
M12446,63,1490.0
M12446,64,1490.0
M12446,65,1500.0
M12446,66,1530.0
M12446,67,1480.0
M12446,68,1460.0
M12446,69,1450.0
M12446,70,1420.0
M12446,71,1430.0
M12446,72,1470.0
M12446,73,1460.0
M12446,74,1460.0
M12446,75,1450.0
M12446,76,1470.0
M12446,77,1490.0
M12446,78,1510.0
M12446,79,1450.0
M12446,80,1450.0
M12446,81,1470.0
M12446,82,1450.0
M12446,83,1450.0
M12446,84,1460.0
M12446,85,1460.0
M12446,86,1440.0
M12446,87,1450.0
M12446,88,1440.0
M12446,89,1450.0
M12446,90,1460.0
M12446,91,1380.0
M12446,92,1380.0
M12446,93,1390.0
M12446,94,1390.0
M12446,95,1390.0
M12446,96,1410.0
M12446,97,1380.0
M12446,98,1380.0
M12446,99,1380.0
M12446,100,1410.0
M12446,101,1430.0
M12446,102,1450.0
M12446,103,1420.0
M12446,104,1430.0
M12446,105,1430.0
M12446,106,1400.0
M12446,107,1430.0
M12446,108,1460.0
M12446,109,1430.0
M12446,110,1440.0
M12446,111,1440.0
M12446,112,1470.0
M12446,113,1480.0
M12446,114,1500.0
M12446,115,1460.0
M12446,116,1450.0
M12446,117,1460.0
M12446,118,1460.0
M12446,119,1460.0
M12446,120,1480.0
M12446,121,1450.0
M12446,122,1450.0
M12446,123,1430.0
M12446,124,1440.0
M12446,125,1440.0
M12446,126,1450.0
M12446,127,1430.0
M12446,128,1410.0
M12446,129,1410.0
M12446,130,1400.0
M12446,131,1420.0
M12446,132,1440.0
M12446,133,1440.0
M12446,134,1440.0
M12446,135,1430.0
M12446,136,1460.0
M12446,137,1460.0
M12446,138,1510.0
M12446,139,1460.0
M12446,140,1450.0
M12446,141,1440.0
M12446,142,1430.0
M12446,143,1450.0
M12446,144,1460.0
M12446,145,1450.0
M12446,146,1460.0
M12446,147,1440.0
M12446,148,1440.0
M12446,149,1460.0
M12446,150,1470.0
M12446,151,1460.0
M12446,152,1480.0
M12446,153,1490.0
M12446,154,1470.0
M12446,155,1470.0
M12446,156,1490.0
M12446,157,1490.0
M12446,158,1480.0
M12446,159,1480.0
M12446,160,1470.0
M12446,161,1510.0
M12446,162,1520.0
M12446,163,1510.0
M12446,164,1500.0
M12446,165,1500.0
M12446,166,1480.0
M12446,167,1500.0
M12446,168,1520.0
M12446,169,1510.0
M12446,170,1500.0
M12446,171,1500.0
M12446,172,1500.0
M12446,173,1520.0
M12446,174,1540.0
M12446,175,1560.0
M12446,176,1550.0
M12446,177,1540.0
M12446,178,1530.0
M12446,179,1530.0
M12446,180,1570.0
M12446,181,1580.0
M12446,182,1580.0
M12446,183,1570.0
M12446,184,1600.0
M12446,185,1670.0
M12446,186,1690.0
M12446,187,1670.0
M12446,188,1660.0
M12446,189,1650.0
M12446,190,1650.0
M12446,191,1630.0
M12446,192,1640.0
M12446,193,1620.0
M12446,194,1630.0
M12446,195,1610.0
M12446,196,1630.0
M12446,197,1660.0
M12446,198,1680.0
M12446,199,1660.0
M12446,200,1660.0
M12446,201,1670.0
M12446,202,1670.0
M12446,203,1690.0
M12446,204,1710.0
M12446,205,1680.0
M12446,206,1680.0
M12446,207,1670.0
M12446,208,1690.0
M12446,209,1700.0
M12446,210,1720.0
M12446,211,1710.0
M12446,212,1700.0
M12446,213,1710.0
M12446,214,1690.0
M12446,215,1700.0
M12446,216,1750.0
M12446,217,1750.0
M12446,218,1750.0
M12446,219,1740.0
M12446,220,1790.0
M12446,221,1820.0
M12446,222,1820.0
M12446,223,1820.0
M12446,224,1810.0
M12446,225,1820.0
M12446,226,1810.0
M12446,227,1810.0
M12446,228,1850.0
M12446,229,1840.0
M12446,230,1820.0
M12446,231,1800.0
M12446,232,1810.0
M12446,233,1830.0
M12446,234,1840.0
M12446,235,1820.0
M12446,236,1800.0
M12446,237,1810.0
M12446,238,1780.0
M12446,239,1780.0
M12446,240,1800.0
M12730,1,3000.0
M12730,2,3040.0
M12730,3,3060.0
M12730,4,3190.0
M12730,5,3250.0
M12730,6,3310.0
M12730,7,3070.0
M12730,8,3050.0
M12730,9,3080.0
M12730,10,3080.0
M12730,11,3110.0
M12730,12,3050.0
M12730,13,3040.0
M12730,14,3080.0
M12730,15,3080.0
M12730,16,3160.0
M12730,17,3210.0
M12730,18,3310.0
M12730,19,3210.0
M12730,20,3180.0
M12730,21,3180.0
M12730,22,3180.0
M12730,23,3180.0
M12730,24,3160.0
M12730,25,3120.0
M12730,26,3120.0
M12730,27,3120.0
M12730,28,3230.0
M12730,29,3300.0
M12730,30,3390.0
M12730,31,3290.0
M12730,32,3290.0
M12730,33,3310.0
M12730,34,3290.0
M12730,35,3330.0
M12730,36,3320.0
M12730,37,3320.0
M12730,38,3320.0
M12730,39,3310.0
M12730,40,3310.0
M12730,41,3370.0
M12730,42,3470.0
M12730,43,3330.0
M12730,44,3370.0
M12730,45,3380.0
M12730,46,3470.0
M12730,47,3500.0
M12730,48,3510.0
M12730,49,3420.0
M12730,50,3450.0
M12730,51,3480.0
M12730,52,3540.0
M12730,53,3580.0
M12730,54,3660.0
M12730,55,3520.0
M12730,56,3520.0
M12730,57,3530.0
M12730,58,3560.0
M12730,59,3570.0
M12730,60,3550.0
M12730,61,3540.0
M12730,62,3540.0
M12730,63,3570.0
M12730,64,3610.0
M12730,65,3650.0
M12730,66,3770.0
M12730,67,3610.0
M12730,68,3610.0
M12730,69,3620.0
M12730,70,3650.0
M12730,71,3660.0
M12730,72,3680.0
M12730,73,3620.0
M12730,74,3590.0
M12730,75,3650.0
M12730,76,3600.0
M12730,77,3650.0
M12730,78,3720.0
M12730,79,3580.0
M12730,80,3580.0
M12730,81,3570.0
M12730,82,3620.0
M12730,83,3610.0
M12730,84,3540.0
M12730,85,3530.0
M12730,86,3530.0
M12730,87,3560.0
M12730,88,3520.0
M12730,89,3550.0
M12730,90,3740.0
M12730,91,3530.0
M12730,92,3540.0
M12730,93,3550.0
M12730,94,3630.0
M12730,95,3680.0
M12730,96,3660.0
M12730,97,3520.0
M12730,98,3560.0
M12730,99,3620.0
M12730,100,3680.0
M12730,101,3730.0
M12730,102,3910.0
M12730,103,3720.0
M12730,104,3760.0
M12730,105,3820.0
M12730,106,3780.0
M12730,107,3800.0
M12730,108,3830.0
M12730,109,3790.0
M12730,110,3830.0
M12730,111,3860.0
M12730,112,3960.0
M12730,113,4020.0
M12730,114,4240.0
M12730,115,4060.0
M12730,116,4070.0
M12730,117,4100.0
M12730,118,4100.0
M12730,119,4110.0
M12730,120,4120.0
M12730,121,4100.0
M12730,122,4130.0
M12730,123,4180.0
M12730,124,4210.0
M12730,125,4330.0
M12730,126,4540.0
M12730,127,4340.0
M12730,128,4350.0
M12730,129,4380.0
M12730,130,4180.0
M12730,131,4210.0
M12730,132,4170.0
M12730,133,4070.0
M12730,134,4060.0
M12730,135,4090.0
M12730,136,4160.0
M12730,137,4230.0
M12730,138,4380.0
M12730,139,4200.0
M12730,140,4160.0
M12730,141,4170.0
M12730,142,4160.0
M12730,143,4190.0
M12730,144,4170.0
M12730,145,4080.0
M12730,146,4110.0
M12730,147,4150.0
M12730,148,4160.0
M12730,149,4240.0
M12730,150,4420.0
M12730,151,4190.0
M12730,152,4170.0
M12730,153,4150.0
M12730,154,4140.0
M12730,155,4150.0
M12730,156,4100.0
M12730,157,4050.0
M12730,158,4050.0
M12730,159,4090.0
M12730,160,4080.0
M12730,161,4130.0
M12730,162,4330.0
M12730,163,4080.0
M12730,164,4050.0
M12730,165,4060.0
M12730,166,4100.0
M12730,167,4110.0
M12730,168,4060.0
M12730,169,4000.0
M12730,170,3990.0
M12730,171,4030.0
M12730,172,4060.0
M12730,173,4140.0
M12730,174,4290.0
M12730,175,4040.0
M12730,176,4050.0
M12730,177,4050.0
M12730,178,4020.0
M12730,179,4040.0
M12730,180,3970.0
M12730,181,3870.0
M12730,182,3910.0
M12730,183,4000.0
M12730,184,4050.0
M12730,185,4130.0
M12730,186,4290.0
M12730,187,4040.0
M12730,188,4060.0
M12730,189,4070.0
M12730,190,4090.0
M12730,191,4080.0
M12730,192,4020.0
M12730,193,4020.0
M12730,194,4000.0
M12730,195,4060.0
M12730,196,4080.0
M12730,197,4170.0
M12730,198,4310.0
M12730,199,4080.0
M12730,200,4070.0
M12730,201,4080.0
M12730,202,4130.0
M12730,203,4150.0
M12730,204,4110.0
M12730,205,4040.0
M12730,206,4080.0
M12730,207,4120.0
M12730,208,4210.0
M12730,209,4270.0
M12730,210,4410.0
M12730,211,4210.0
M12730,212,4190.0
M12730,213,4220.0
M12730,214,4190.0
M12730,215,4210.0
M12730,216,4110.0
M12730,217,4110.0
M12730,218,4160.0
M12730,219,4250.0
M12730,220,4250.0
M12730,221,4320.0
M12730,222,4470.0
M12730,223,4180.0
M12730,224,4180.0
M12730,225,4200.0
M12730,226,4160.0
M12730,227,4180.0
M12730,228,4090.0
M12730,229,4030.0
M12730,230,4090.0
M12730,231,4140.0
M12730,232,4220.0
M12730,233,4290.0
M12730,234,4420.0
M12730,235,4190.0
M12730,236,4180.0
M12730,237,4210.0
M12730,238,4170.0
M12730,239,4180.0
M12730,240,4100.0
M13870,1,7928.1
M13870,2,8422.5
M13870,3,8473.2
M13870,4,8490.7
M13870,5,8461.3
M13870,6,8490.3
M13870,7,8439.2
M13870,8,8359.7
M13870,9,8323.1
M13870,10,8373.8
M13870,11,8443.4
M13870,12,8493.6
M13870,13,8521.1
M13870,14,8534.4
M13870,15,8507.4
M13870,16,8553.7
M13870,17,8585.7
M13870,18,8602.2
M13870,19,8725.6
M13870,20,8632.3
M13870,21,8654.0
M13870,22,8650.4
M13870,23,8583.8
M13870,24,8535.9
M13870,25,8500.7
M13870,26,8535.0
M13870,27,8558.4
M13870,28,8551.7
M13870,29,8461.3
M13870,30,8446.8
M13870,31,8404.0
M13870,32,8383.0
M13870,33,8318.6
M13870,34,8293.0
M13870,35,8287.2
M13870,36,8246.9
M13870,37,8169.7
M13870,38,8164.1
M13870,39,8140.8
M13870,40,8148.4
M13870,41,8086.8
M13870,42,7933.7
M13870,43,8004.4
M13870,44,8008.0
M13870,45,8031.3
M13870,46,8097.3
M13870,47,8185.8
M13870,48,8259.0
M13870,49,8324.8
M13870,50,8188.4
M13870,51,8175.8
M13870,52,8131.3
M13870,53,8089.8
M13870,54,8111.7
M13870,55,8098.2
M13870,56,8243.0
M13870,57,8143.8
M13870,58,7684.8
M13870,59,7709.1
M13870,60,7927.2
M13870,61,8058.7
M13870,62,8033.5
M13870,63,7623.3
M13870,64,7560.6
M13870,65,7455.9
M13870,66,7657.5
M13870,67,7827.7
M13870,68,7804.3
M13870,69,7885.0
M13870,70,8199.0
M13870,71,8231.0
M13870,72,8251.8
M13870,73,8286.1
M13870,74,8355.5
M13870,75,8331.3
M13870,76,8309.5
M13870,77,8282.9
M13870,78,8067.6
M13870,79,8008.5
M13870,80,8165.1
M13870,81,8001.7
M13870,82,8032.7
M13870,83,7820.6
M13870,84,7824.5
M13870,85,7429.4
M13870,86,7313.8
M13870,87,7064.9
M13870,88,7109.7
M13870,89,7008.4
M13870,90,6953.0
M13870,91,6896.8
M13870,92,6931.8
M13870,93,6984.4
M13870,94,6958.4
M13870,95,6876.7
M13870,96,6780.8
M13870,97,6896.7
M13870,98,6827.0
M13870,99,6706.4
M13870,100,6760.0
M13870,101,6662.1
M13870,102,6634.1
M13870,103,6493.5
M13870,104,6451.9
M13870,105,6421.6
M13870,106,6424.2
M13870,107,6375.3
M13870,108,6405.8
M13870,109,8543.1
M13870,110,8515.5
M13870,111,8374.1
M13870,112,8333.1
M13870,113,8310.1
M13870,114,8236.2
M13870,115,8217.7
M13870,116,8251.7
M13870,117,8230.5
M13870,118,8314.3
M13870,119,8341.0
M13870,120,8182.5
M13870,121,8138.8
M13870,122,8131.1
M13870,123,7920.5
M13870,124,7830.0
M13870,125,7707.6
M13870,126,7674.3
M13870,127,7621.6
M13870,128,8691.9
M13870,129,8627.5
M13870,130,8587.7
M13870,131,8559.9
M13870,132,8695.0
M13870,133,8671.3
M13870,134,8701.4
M13870,135,8676.9
M13870,136,8675.3
M13870,137,8780.7
M13870,138,8690.6
M13870,139,8549.8
M13870,140,8586.7
M13870,141,8651.0
M13870,142,8639.1
M13870,143,8662.3
M13870,144,6115.4
M13870,145,6091.4
M13870,146,6095.8
M13870,147,5951.9
M13870,148,5927.8
M13870,149,5924.5
M13870,150,5899.5
M13870,151,5895.8
M13870,152,5911.0
M13870,153,5847.1
M13870,154,5826.0
M13870,155,5855.6
M13870,156,8073.9
M13870,157,7948.0
M13870,158,7894.6
M13870,159,7840.4
M13870,160,7906.1
M13870,161,7994.1
M13870,162,7928.6
M13870,163,7956.8
M13870,164,7958.4
M13870,165,7906.9
M13870,166,7904.5
M13870,167,14931.6
M13870,168,14878.0
M13870,169,13958.5
M13870,170,14537.3
M13870,171,14564.7
M13870,172,14574.3
M13870,173,13610.2
M13870,174,12864.5
M13870,175,12364.5
M13870,176,11699.9
M13870,177,11510.2
M13870,178,10569.1
M13870,179,10193.4
M13870,180,9407.6
M13870,181,9492.1
M13870,182,7339.8
M13870,183,7187.7
M13870,184,6931.8
M13870,185,6922.5
M13870,186,6514.9
M13870,187,6311.2
M13870,188,6409.5
M13870,189,6373.7
M13870,190,6356.4
M13870,191,6360.8
M13870,192,6120.4
M13870,193,6199.7
M13870,194,6137.1
M13870,195,6183.8
M13870,196,5985.7
M14142,1,2602.0
M14142,2,3197.0
M14142,3,4173.0
M14142,4,4318.0
M14142,5,4254.0
M14142,6,4523.0
M14142,7,3722.0
M14142,8,4111.0
M14142,9,4131.0
M14142,10,3707.0
M14142,11,4014.0
M14142,12,3014.0
M14142,13,3832.0
M14142,14,3511.0
M14142,15,2982.0
M14142,16,3879.0
M14142,17,3635.0
M14142,18,2660.0
M14142,19,3058.0
M14142,20,2878.0
M14142,21,3504.0
M14142,22,3907.0
M14142,23,2803.0
M14142,24,3155.0
M14142,25,3638.0
M14142,26,3512.0
M14142,27,3734.0
M14142,28,3638.0
M14142,29,3650.0
M14142,30,3976.0
M14142,31,3720.0
M14142,32,3361.0
M14142,33,2776.0
M14142,34,2706.0
M14142,35,3014.0
M14142,36,3324.0
M14142,37,3049.0
M14142,38,2850.0
M14142,39,2570.0
M14142,40,3043.0
M14142,41,2527.0
M14142,42,2356.0
M14142,43,2849.0
M14142,44,2283.0
M14142,45,2653.0
M14142,46,2377.0
M14142,47,2676.0
M14142,48,2552.0
M14142,49,2800.0
M14142,50,2470.0
M14142,51,2839.0
M14142,52,2503.0
M14142,53,2575.0
M14142,54,2402.0
M14142,55,2443.0
M14142,56,2525.0
M14142,57,3232.0
M14142,58,2047.0
M14142,59,1806.0
M14142,60,1839.0
M14142,61,2553.0
M14142,62,2677.0
M14142,63,2841.0
M14142,64,2659.0
M14142,65,2838.0
M14142,66,2367.0
M14142,67,2581.0
M14142,68,2030.0
M14142,69,2320.0
M14142,70,2288.0
M14142,71,2252.0
M14142,72,3135.0
M14142,73,2911.0
M14142,74,2660.0
M14142,75,2328.0
M14142,76,3861.0
M14142,77,2436.0
M14142,78,2707.0
M14142,79,3532.0
M14142,80,2639.0
M14142,81,2755.0
M14142,82,2894.0
M14142,83,2655.0
M14142,84,2738.0
M14142,85,2778.0
M14142,86,2502.0
M14142,87,2355.0
M14142,88,3047.0
M14142,89,3364.0
M14142,90,3053.0
M14142,91,3245.0
M14142,92,2980.0
M14142,93,3366.0
M14142,94,3077.0
M14142,95,3423.0
M14142,96,3181.0
M14142,97,3891.0
M14142,98,3052.0
M14142,99,3116.0
M14142,100,3802.0
M14142,101,2969.0
M14142,102,3221.0
M14142,103,3330.0
M14142,104,3108.0
M14142,105,3511.0
M14142,106,26642.0
M14142,107,23547.0
M14142,108,24401.0
M14142,109,28148.0
M14142,110,25563.0
M14142,111,17168.0
M14142,112,6020.0
M14142,113,6263.0
M14142,114,6100.0
M14142,115,10070.0
M14142,116,9112.0
M14142,117,7237.0
M14142,118,4912.0
M14142,119,4170.0
M14142,120,3405.0
M14142,121,3445.0
M14142,122,3654.0
M14142,123,3998.0
M14142,124,3614.0
M14142,125,3653.0
M14142,126,4114.0
M14142,127,4110.0
M14142,128,3656.0
M14142,129,3674.0
M14142,130,3556.0
M14142,131,3340.0
M14142,132,3925.0
M14142,133,4317.0
M14142,134,4142.0
M14142,135,3913.0
M14142,136,3217.0
M14142,137,2815.0
M14142,138,3134.0
M14142,139,3118.0
M14142,140,3329.0
M14142,141,3923.0
M14142,142,4420.0
M14142,143,4485.0
M14142,144,4889.0
M14142,145,4827.0
M14142,146,5021.0
M14142,147,4842.0
M14142,148,4866.0
M14142,149,4658.0
M14142,150,4734.0
M14142,151,3720.0
M14142,152,3855.0
M14142,153,3358.0
M14142,154,3351.0
M14142,155,3166.0
M14142,156,3041.0
M14142,157,2864.0
M14142,158,3557.0
M14142,159,3574.0
M21597,1,5770.0
M21597,2,5770.0
M21597,3,6190.0
M21597,4,6520.0
M21597,5,6330.0
M21597,6,6410.0
M21597,7,6250.0
M21597,8,6390.0
M21597,9,6460.0
M21597,10,6490.0
M21597,11,6520.0
M21597,12,6360.0
M21597,13,6370.0
M21597,14,6480.0
M21597,15,6470.0
M21597,16,6810.0
M21597,17,6890.0
M21597,18,6910.0
M21597,19,6920.0
M21597,20,7030.0
M21597,21,7070.0
M21597,22,7260.0
M21597,23,7250.0
M21597,24,7100.0
M21597,25,6850.0
M21597,26,7040.0
M21597,27,7220.0
M21597,28,7280.0
M21597,29,7350.0
M21597,30,7430.0
M21597,31,7120.0
M21597,32,7340.0
M21597,33,7470.0
M21597,34,7510.0
M21597,35,7550.0
M21597,36,7360.0
M21597,37,7140.0
M21597,38,7310.0
M21597,39,7410.0
M21597,40,7490.0
M21597,41,7500.0
M21597,42,7710.0
M21597,43,7340.0
M21597,44,7490.0
M21597,45,7660.0
M21597,46,7870.0
M21597,47,7880.0
M21597,48,7620.0
M21597,49,7580.0
M21597,50,7740.0
M21597,51,8010.0
M21597,52,8050.0
M21597,53,8100.0
M21597,54,8270.0
M21597,55,7940.0
M21597,56,8090.0
M21597,57,8260.0
M21597,58,8330.0
M21597,59,8340.0
M21597,60,8120.0
M21597,61,8080.0
M21597,62,8280.0
M21597,63,8500.0
M21597,64,8650.0
M21597,65,8710.0
M21597,66,8880.0
M21597,67,8150.0
M21597,68,8410.0
M21597,69,8480.0
M21597,70,8640.0
M21597,71,8670.0
M21597,72,8440.0
M21597,73,8360.0
M21597,74,8460.0
M21597,75,8670.0
M21597,76,8730.0
M21597,77,8770.0
M21597,78,8960.0
M21597,79,8360.0
M21597,80,8540.0
M21597,81,8730.0
M21597,82,8720.0
M21597,83,8870.0
M21597,84,8480.0
M21597,85,8510.0
M21597,86,8660.0
M21597,87,8930.0
M21597,88,8970.0
M21597,89,8990.0
M21597,90,9270.0
M21597,91,9320.0
M21597,92,9520.0
M21597,93,9730.0
M21597,94,9740.0
M21597,95,9770.0
M21597,96,9480.0
M21597,97,9240.0
M21597,98,9470.0
M21597,99,9810.0
M21597,100,9870.0
M21597,101,9910.0
M21597,102,10180.0
M21597,103,9580.0
M21597,104,9870.0
M21597,105,9980.0
M21597,106,10020.0
M21597,107,10050.0
M21597,108,9750.0
M21597,109,9520.0
M21597,110,9690.0
M21597,111,10010.0
M21597,112,10060.0
M21597,113,10120.0
M21597,114,10410.0
M21597,115,9690.0
M21597,116,10000.0
M21597,117,10100.0
M21597,118,10190.0
M21597,119,10270.0
M21597,120,9900.0
M21597,121,9780.0
M21597,122,9920.0
M21597,123,10320.0
M21597,124,10500.0
M21597,125,10580.0
M21597,126,10920.0
M21597,127,10060.0
M21597,128,10330.0
M21597,129,10530.0
M21597,130,10620.0
M21597,131,10600.0
M21597,132,10220.0
M21597,133,9980.0
M21597,134,10230.0
M21597,135,10520.0
M21597,136,10580.0
M21597,137,10640.0
M21597,138,11010.0
M21597,139,10200.0
M21597,140,10470.0
M21597,141,10690.0
M21597,142,10790.0
M21597,143,10870.0
M21597,144,10450.0
M21597,145,10070.0
M21597,146,10520.0
M21597,147,10860.0
M21597,148,10960.0
M21597,149,11010.0
M21597,150,11380.0
M21597,151,10660.0
M21597,152,10950.0
M21597,153,11180.0
M21597,154,11130.0
M21597,155,11100.0
M21597,156,10620.0
M21597,157,10230.0
M21597,158,10630.0
M21597,159,11050.0
M21597,160,11080.0
M21597,161,11140.0
M21597,162,11640.0
M21597,163,10720.0
M21597,164,10920.0
M21597,165,11190.0
M21597,166,11310.0
M21597,167,11330.0
M21597,168,10750.0
M21597,169,10360.0
M21597,170,10620.0
M21597,171,11030.0
M21597,172,11280.0
M21597,173,11410.0
M21597,174,11790.0
M21597,175,10850.0
M21597,176,11240.0
M21597,177,11330.0
M21597,178,11340.0
M21597,179,11500.0
M21597,180,10980.0
M21597,181,10730.0
M21597,182,10970.0
M21597,183,11330.0
M21597,184,11520.0
M21597,185,11580.0
M21597,186,11930.0
M21597,187,11040.0
M21597,188,11440.0
M21597,189,11620.0
M21597,190,11780.0
M21597,191,11740.0
M21597,192,11310.0
M21597,193,11030.0
M21597,194,11200.0
M21597,195,11640.0
M21597,196,11830.0
M21597,197,11940.0
M21597,198,12320.0
M21597,199,11360.0
M21597,200,11760.0
M21597,201,11940.0
M21597,202,12160.0
M21597,203,12230.0
M21597,204,11730.0
M21597,205,11310.0
M21597,206,11740.0
M21597,207,11990.0
M21597,208,12230.0
M21597,209,12410.0
M21597,210,12770.0
M21597,211,12030.0
M21597,212,12290.0
M21597,213,12430.0
M21597,214,12550.0
M21597,215,12630.0
M21597,216,12210.0
M21597,217,11610.0
M21597,218,11980.0
M21597,219,12310.0
M21597,220,12480.0
M21597,221,12700.0
M21597,222,13000.0
M21597,223,11910.0
M21597,224,12260.0
M21597,225,12460.0
M21597,226,12520.0
M21597,227,12590.0
M21597,228,11960.0
M21597,229,11510.0
M21597,230,11810.0
M21597,231,12260.0
M21597,232,12510.0
M21597,233,12680.0
M21597,234,12970.0
M21597,235,12080.0
M21597,236,12300.0
M21597,237,12580.0
M21597,238,12570.0
M21597,239,12600.0
M21597,240,12020.0
M21924,1,5588.5
M21924,2,5679.1
M21924,3,5547.7
M21924,4,5427.6
M21924,5,5451.3
M21924,6,5351.3
M21924,7,5315.0
M21924,8,5420.8
M21924,9,5495.7
M21924,10,5438.7
M21924,11,5525.2
M21924,12,5584.3
M21924,13,5729.7
M21924,14,5728.9
M21924,15,5618.9
M21924,16,5392.6
M21924,17,5501.3
M21924,18,5407.3
M21924,19,5404.1
M21924,20,5473.0
M21924,21,5578.0
M21924,22,5584.9
M21924,23,5649.2
M21924,24,5674.8
M21924,25,5688.5
M21924,26,5809.8
M21924,27,5707.8
M21924,28,5606.9
M21924,29,5657.8
M21924,30,5581.7
M21924,31,5525.2
M21924,32,5606.0
M21924,33,5703.6
M21924,34,5578.7
M21924,35,5640.2
M21924,36,5760.6
M21924,37,5648.0
M21924,38,5698.8
M21924,39,5597.7
M21924,40,5519.7
M21924,41,5539.7
M21924,42,5457.9
M21924,43,5504.8
M21924,44,5527.8
M21924,45,5528.9
M21924,46,5558.9
M21924,47,5612.8
M21924,48,5732.9
M21924,49,5677.0
M21924,50,5804.5
M21924,51,5705.5
M21924,52,5552.3
M21924,53,5554.3
M21924,54,5493.1
M21924,55,5930.0
M21924,56,5966.9
M21924,57,6077.2
M21924,58,6054.8
M21924,59,6198.3
M21924,60,6338.4
M21924,61,6421.8
M21924,62,6576.7
M21924,63,6450.5
M21924,64,6181.2
M21924,65,6262.0
M21924,66,6199.3
M21924,67,6185.8
M21924,68,6230.6
M21924,69,6273.6
M21924,70,6166.6
M21924,71,6229.0
M21924,72,6308.4
M21924,73,6507.0
M21924,74,6643.1
M21924,75,6491.5
M21924,76,6337.2
M21924,77,6287.5
M21924,78,6253.8
M21924,79,6234.3
M21924,80,6321.6
M21924,81,6314.0
M21924,82,6319.0
M21924,83,6375.7
M21924,84,6395.5
M21924,85,6595.5
M21924,86,6635.2
M21924,87,6557.8
M21924,88,6391.3
M21924,89,6368.0
M21924,90,6317.5
M21924,91,6396.6
M21924,92,6429.1
M21924,93,6364.6
M21924,94,6373.7
M21924,95,6405.1
M21924,96,6570.0
M21924,97,6486.4
M21924,98,6686.5
M21924,99,6599.3
M21924,100,6420.3
M21924,101,6443.2
M21924,102,6328.5
M21924,103,6404.9
M21924,104,6436.4
M21924,105,6517.0
M21924,106,6482.9
M21924,107,6508.4
M21924,108,6520.5
M21924,109,6617.9
M21924,110,6689.5
M21924,111,6573.8
M21924,112,6541.8
M21924,113,6572.2
M21924,114,6474.4
M21924,115,6429.3
M21924,116,6457.1
M21924,117,6500.0
M21924,118,6501.8
M21924,119,6563.1
M21924,120,6632.0
M21924,121,6681.5
M21924,122,6841.0
M21924,123,6695.5
M21924,124,6500.6
M21924,125,6559.7
M21924,126,6458.1
M21924,127,6507.6
M21924,128,6585.4
M21924,129,6650.3
M21924,130,6564.0
M21924,131,6652.9
M21924,132,6740.2
M21924,133,6683.7
M21924,134,6895.4
M21924,135,6781.4
M21924,136,6716.4
M21924,137,6784.8
M21924,138,6734.8
M21924,139,6792.8
M21924,140,6814.1
M21924,141,6858.3
M21924,142,6836.0
M21924,143,6886.6
M21924,144,6910.7
M21924,145,6889.6
M21924,146,6998.9
M21924,147,6839.0
M21924,148,6723.5
M21924,149,6716.3
M21924,150,6731.7
M21924,151,6792.8
M21924,152,6831.7
M21924,153,6920.5
M21924,154,6847.8
M21924,155,6886.2
M21924,156,6917.9
M21924,157,6958.1
M21924,158,7007.1
M21924,159,6913.9
M21924,160,6808.7
M21924,161,6831.3
M21924,162,6793.8
M21924,163,6929.2
M21924,164,7007.3
M21924,165,7035.1
M21924,166,6992.7
M21924,167,7119.7
M21924,168,7085.3
M21924,169,7181.4
M21924,170,7194.1
M21924,171,6962.6
M21924,172,6958.1
M21924,173,6956.7
M21924,174,6853.4
M21924,175,7352.1
M21924,176,7477.7
M21924,177,7514.4
M21924,178,7511.4
M21924,179,7546.2
M21924,180,7552.6
M21924,181,7538.3
M21924,182,7678.8
M21924,183,7543.9
M21924,184,7414.3
M21924,185,7467.5
M21924,186,7437.1
M21924,187,7410.5
M21924,188,7465.1
M21924,189,7512.1
M21924,190,7454.3
M21924,191,7490.6
M21924,192,7516.5
M21924,193,7483.6
M21924,194,7717.4
M21924,195,7589.7
M21924,196,7404.3
M21924,197,7397.0
M21924,198,7422.0
M21924,199,7401.1
M21924,200,7469.9
M21924,201,7531.2
M21924,202,7455.7
M21924,203,7514.1
M21924,204,7593.5
M21924,205,7542.1
M21924,206,7580.3
M21924,207,7410.3
M21924,208,7355.0
M21924,209,7264.6
M21924,210,7291.0
M21924,211,7380.5
M21924,212,7379.3
M21924,213,7411.2
M21924,214,7333.7
M21924,215,7344.3
M21924,216,7402.3
M21924,217,7411.7
M21924,218,7454.9
M21924,219,7251.1
M21924,220,7186.6
M21924,221,7157.7
M21924,222,7147.7
M21924,223,7209.6
M21924,224,7267.4
M21924,225,7335.3
M21924,226,7238.8
M21924,227,7327.5
M21924,228,7340.3
M21924,229,7305.9
M21924,230,7407.7
M21924,231,7218.1
M21924,232,7191.6
M21924,233,7174.5
M21924,234,7101.8
M21924,235,7174.4
M21924,236,7214.4
M21924,237,7301.1
M21924,238,7286.0
M21924,239,7367.8
M21924,240,7373.5
M22558,1,3550.0
M22558,2,3580.0
M22558,3,3550.0
M22558,4,3510.0
M22558,5,3590.0
M22558,6,3610.0
M22558,7,3530.0
M22558,8,3560.0
M22558,9,3610.0
M22558,10,3500.0
M22558,11,3560.0
M22558,12,3570.0
M22558,13,3590.0
M22558,14,3630.0
M22558,15,3590.0
M22558,16,3620.0
M22558,17,3660.0
M22558,18,3710.0
M22558,19,3630.0
M22558,20,3670.0
M22558,21,3660.0
M22558,22,3650.0
M22558,23,3640.0
M22558,24,3670.0
M22558,25,3690.0
M22558,26,3690.0
M22558,27,3640.0
M22558,28,3620.0
M22558,29,3660.0
M22558,30,3660.0
M22558,31,3660.0
M22558,32,3640.0
M22558,33,3660.0
M22558,34,3570.0
M22558,35,3620.0
M22558,36,3640.0
M22558,37,3670.0
M22558,38,3680.0
M22558,39,3600.0
M22558,40,3590.0
M22558,41,3620.0
M22558,42,3650.0
M22558,43,3580.0
M22558,44,3560.0
M22558,45,3570.0
M22558,46,3540.0
M22558,47,3590.0
M22558,48,3590.0
M22558,49,3560.0
M22558,50,3580.0
M22558,51,3550.0
M22558,52,3670.0
M22558,53,3680.0
M22558,54,3680.0
M22558,55,3680.0
M22558,56,3680.0
M22558,57,3710.0
M22558,58,3670.0
M22558,59,3720.0
M22558,60,3740.0
M22558,61,3770.0
M22558,62,3780.0
M22558,63,3750.0
M22558,64,3740.0
M22558,65,3800.0
M22558,66,3840.0
M22558,67,3720.0
M22558,68,3730.0
M22558,69,3740.0
M22558,70,3720.0
M22558,71,3740.0
M22558,72,3740.0
M22558,73,3740.0
M22558,74,3640.0
M22558,75,3580.0
M22558,76,3490.0
M22558,77,3540.0
M22558,78,3510.0
M22558,79,3450.0
M22558,80,3430.0
M22558,81,3430.0
M22558,82,3360.0
M22558,83,3390.0
M22558,84,3380.0
M22558,85,3410.0
M22558,86,3380.0
M22558,87,3320.0
M22558,88,3270.0
M22558,89,3280.0
M22558,90,3350.0
M22558,91,3320.0
M22558,92,3330.0
M22558,93,3340.0
M22558,94,3270.0
M22558,95,3290.0
M22558,96,3320.0
M22558,97,3260.0
M22558,98,3240.0
M22558,99,3200.0
M22558,100,3210.0
M22558,101,3240.0
M22558,102,3240.0
M22558,103,3190.0
M22558,104,3180.0
M22558,105,3170.0
M22558,106,3190.0
M22558,107,3210.0
M22558,108,3240.0
M22558,109,3220.0
M22558,110,3210.0
M22558,111,3180.0
M22558,112,3180.0
M22558,113,3210.0
M22558,114,3220.0
M22558,115,3190.0
M22558,116,3150.0
M22558,117,3150.0
M22558,118,3140.0
M22558,119,3160.0
M22558,120,3160.0
M22558,121,3150.0
M22558,122,3130.0
M22558,123,3090.0
M22558,124,3050.0
M22558,125,3080.0
M22558,126,3090.0
M22558,127,3050.0
M22558,128,3070.0
M22558,129,3030.0
M22558,130,3010.0
M22558,131,3040.0
M22558,132,3040.0
M22558,133,3020.0
M22558,134,3010.0
M22558,135,2960.0
M22558,136,2970.0
M22558,137,2980.0
M22558,138,2990.0
M22558,139,3010.0
M22558,140,2990.0
M22558,141,2970.0
M22558,142,3000.0
M22558,143,3030.0
M22558,144,3020.0
M22558,145,3000.0
M22558,146,2990.0
M22558,147,2960.0
M22558,148,2960.0
M22558,149,2970.0
M22558,150,2960.0
M22558,151,2970.0
M22558,152,2970.0
M22558,153,2930.0
M22558,154,2920.0
M22558,155,2940.0
M22558,156,2950.0
M22558,157,2920.0
M22558,158,2950.0
M22558,159,2980.0
M22558,160,2900.0
M22558,161,2920.0
M22558,162,2880.0
M22558,163,2820.0
M22558,164,2830.0
M22558,165,2770.0
M22558,166,2750.0
M22558,167,2760.0
M22558,168,2770.0
M22558,169,2750.0
M22558,170,2720.0
M22558,171,2700.0
M22558,172,2710.0
M22558,173,2750.0
M22558,174,2770.0
M22558,175,2690.0
M22558,176,2680.0
M22558,177,2670.0
M22558,178,2680.0
M22558,179,2700.0
M22558,180,2720.0
M22558,181,2680.0
M22558,182,2860.0
M22558,183,2840.0
M22558,184,2640.0
M22558,185,2630.0
M22558,186,2650.0
M22558,187,2640.0
M22558,188,2610.0
M22558,189,2610.0
M22558,190,2580.0
M22558,191,2600.0
M22558,192,2600.0
M22558,193,2610.0
M22558,194,2620.0
M22558,195,2600.0
M22558,196,2670.0
M22558,197,2670.0
M22558,198,2660.0
M22558,199,2680.0
M22558,200,2660.0
M22558,201,2670.0
M22558,202,2630.0
M22558,203,2650.0
M22558,204,2630.0
M22558,205,2660.0
M22558,206,2700.0
M22558,207,2620.0
M22558,208,2640.0
M22558,209,2660.0
M22558,210,2660.0
M22558,211,2670.0
M22558,212,2670.0
M22558,213,2680.0
M22558,214,2740.0
M22558,215,2760.0
M22558,216,2790.0
M22558,217,2760.0
M22558,218,2760.0
M22558,219,2710.0
M22558,220,2700.0
M22558,221,2720.0
M22558,222,2720.0
M22558,223,2750.0
M22558,224,2720.0
M22558,225,2740.0
M22558,226,2780.0
M22558,227,2780.0
M22558,228,2830.0
M22558,229,2880.0
M22558,230,2860.0
M22558,231,2760.0
M22558,232,2820.0
M22558,233,2820.0
M22558,234,2790.0
M22558,235,2720.0
M22558,236,2700.0
M22558,237,2690.0
M22558,238,2670.0
M22558,239,2730.0
M22558,240,2750.0
M24468,1,2610.92566
M24468,2,3138.75364
M24468,3,2951.72813
M24468,4,2958.3979
M24468,5,2647.98793
M24468,6,3179.13979
M24468,7,3240.77598
M24468,8,3495.25824
M24468,9,3366.76556
M24468,10,3346.30788
M24468,11,3201.63968
M24468,12,2677.59089
M24468,13,2805.41903
M24468,14,3172.38383
M24468,15,3253.16849
M24468,16,3223.6987
M24468,17,3283.50601
M24468,18,3109.01959
M24468,19,3096.79897
M24468,20,3090.471
M24468,21,2887.32583
M24468,22,2748.52782
M24468,23,2790.79924
M24468,24,2610.90123
M24468,25,3171.37105
M24468,26,3224.91059
M24468,27,3123.5778
M24468,28,3091.03069
M24468,29,3437.68338
M24468,30,3107.77613
M24468,31,3076.01727
M24468,32,3267.71727
M24468,33,3742.49858
M24468,34,3445.3996
M24468,35,3098.98416
M24468,36,3196.6752
M24468,37,3363.07184
M24468,38,3711.18553
M24468,39,3955.39435
M24468,40,3381.89943
M24468,41,3467.40866
M24468,42,3417.53414
M24468,43,3606.15848
M24468,44,3508.28363
M24468,45,3344.72519
M24468,46,3247.55362
M24468,47,3429.18919
M24468,48,3318.03767
M24468,49,3433.57473
M24468,50,3674.65417
M24468,51,3580.45894
M24468,52,3581.65479
M24468,53,3417.29918
M24468,54,3414.76591
M24468,55,3673.91398
M24468,56,3198.95934
M24468,57,3422.41689
M24468,58,3484.55485
M24468,59,3592.98897
M24468,60,3464.80679
M24468,61,3520.099
M24468,62,3500.18909
M24468,63,3649.25704
M24468,64,3505.66643
M24468,65,4043.09405
M24468,66,3525.36648
M24468,67,3399.11411
M24468,68,3291.14766
M24468,69,2988.07718
M24468,70,3056.94023
M24468,71,2573.5399
M24468,72,3133.96457
M24468,73,3564.80931
M24468,74,3744.4665
M24468,75,3734.4191
M24468,76,4020.46063
M24468,77,3818.03875
M24468,78,4321.02645
M24468,79,4042.91726
M24468,80,4157.74581
M24468,81,3404.85347
M24468,82,3609.15351
M24468,83,3160.05279
M24468,84,3928.83712
M24468,85,3938.06069
M24468,86,3991.26966
M24468,87,4644.17291
M24468,88,4240.96864
M24468,89,4628.3773
M24468,90,4756.41395
M24468,91,4917.36117
M24468,92,3832.58371
M24468,93,4268.36587
M24468,94,4085.3633
M24468,95,4113.69802
M24468,96,3986.08618
M24468,97,4492.45998
M24468,98,4865.99709
M24468,99,5081.63279
M24468,100,4970.60855
M24468,101,4858.53331
M24468,102,4821.19272
M24468,103,4812.21433
M24468,104,3941.95667
M24468,105,4776.80025
M24468,106,4681.16168
M24468,107,4336.88265
M24468,108,3842.21703
M24468,109,4213.64657
M24468,110,4813.48982
M24468,111,4683.94919
M24468,112,5360.76899
M24468,113,5343.75936
M24468,114,4643.82183
M24468,115,4770.85187
M24468,116,4930.13573
M24468,117,5276.39258
M24468,118,4399.97719
M24468,119,3962.09364
M24468,120,4445.57993
M24468,121,4364.35851
M24468,122,5062.66718
M24468,123,5272.24187
M24468,124,5041.0947
M24468,125,4903.75858
M24468,126,4449.06322
M24468,127,5063.1147
M24468,128,4610.16545
M24468,129,4857.94554
M24468,130,4841.48824
M24468,131,4700.58336
M24468,132,4814.68384
M24468,133,3909.38829
M24468,134,4727.40601
M24468,135,4824.51652
M24468,136,5046.318
M24468,137,4897.21667
M24468,138,4888.20817
M24468,139,4719.09641
M24468,140,4270.52785
M24468,141,4336.56598
M24468,142,4590.81154
M24468,143,4597.30092
M24468,144,4374.57286
M24468,145,4428.10336
M24468,146,4765.30614
M24468,147,4721.3355
M24468,148,4669.8933
M24468,149,4995.11181
M24468,150,4564.72968
M24468,151,4832.26695
M24468,152,4903.58802
M24468,153,5600.82791
M24468,154,4934.226
M24468,155,4902.35889
M24468,156,4822.10902
M24468,157,4764.74207
M24468,158,4962.85059
M24468,159,5279.17283
M24468,160,4502.82577
M24468,161,4666.53279
M24468,162,4309.53768
M24468,163,4704.99278
M24468,164,4977.17214
M24468,165,4815.49837
M24468,166,4926.17429
M24468,167,4896.5753
M24468,168,4765.21484
M24468,169,4411.56015
M24468,170,5153.64169
M24468,171,4800.46287
M24468,172,5967.09601
M24468,173,6147.69861
M24468,174,5018.38944
M24468,175,5903.23768
M24468,176,4717.90073
M24468,177,5144.09057
M24468,178,5271.08176
M24468,179,4818.33498
M24468,180,4024.14622
M24468,181,4552.244
M24468,182,5339.32611
M24468,183,5253.26366
M24468,184,5935.53158
M24468,185,5834.20441
M24468,186,6052.2026
M24468,187,6343.06155
M24468,188,6685.24463
M24468,189,6022.43468
M24468,190,6079.46995
M24468,191,5683.13854
M24468,192,6136.90241
M24468,193,6582.59286
M24468,194,6598.86192
M24468,195,6347.93307
M24468,196,6947.15332
M24468,197,6723.65931
M24468,198,6425.5084
M24468,199,6804.99459
M24468,200,5821.45144
M24468,201,5791.21076
M24468,202,5884.73848
M24468,203,6032.41997
M24468,204,5873.6217
M24468,205,5422.37297
M24468,206,6067.21616
M24468,207,6132.17586
M24468,208,7002.55451
M24468,209,6829.73058
M24468,210,6636.57069
M24468,211,6465.42171
M24468,212,6467.06245
M24468,213,6178.89962
M24468,214,6085.89927
M24468,215,5877.86241
M24468,216,6018.86558
M24468,217,6324.26942
M24468,218,6148.57798
M24468,219,5648.03595
M24468,220,6297.35678
M24468,221,6347.38792
M24468,222,6530.38956
M24468,223,6247.9413
M24468,224,5587.80274
M24468,225,5491.09921
M24468,226,5576.30489
M24468,227,6769.88935
M24468,228,6338.67775
M24468,229,6400.66914
M24468,230,6385.46866
M24468,231,6988.42888
M24468,232,7405.1414
M24468,233,6798.25264
M24468,234,7080.73609
M24468,235,7089.92988
M24468,236,6661.90824
M24468,237,7681.68768
M24468,238,7231.34674
M24468,239,7047.72339
M24468,240,6835.91489
M25190,1,6199.52261
M25190,2,6615.95789
M25190,3,6712.26357
M25190,4,6879.98894
M25190,5,6687.91571
M25190,6,7026.51941
M25190,7,7018.99169
M25190,8,6723.99275
M25190,9,6880.48373
M25190,10,6711.06559
M25190,11,5974.69642
M25190,12,6400.85023
M25190,13,6310.80294
M25190,14,5868.91442
M25190,15,6307.18837
M25190,16,6328.95134
M25190,17,6845.44632
M25190,18,6557.87861
M25190,19,6732.74412
M25190,20,6360.98824
M25190,21,6432.89264
M25190,22,6473.76901
M25190,23,6018.97049
M25190,24,6165.414
M25190,25,5910.68236
M25190,26,6208.51043
M25190,27,6181.1929
M25190,28,6112.66501
M25190,29,5869.83142
M25190,30,6113.25511
M25190,31,6145.65154
M25190,32,6031.82016
M25190,33,5864.50294
M25190,34,5995.1553
M25190,35,6378.79302
M25190,36,6794.84716
M25190,37,6471.78379
M25190,38,6533.98606
M25190,39,6811.87135
M25190,40,6422.67593
M25190,41,6471.29265
M25190,42,5940.58486
M25190,43,6014.56372
M25190,44,5728.05377
M25190,45,5657.16298
M25190,46,6146.30508
M25190,47,5973.76915
M25190,48,6354.47076
M25190,49,6468.03165
M25190,50,6520.04105
M25190,51,6421.52513
M25190,52,6297.63533
M25190,53,6074.80452
M25190,54,5768.17688
M25190,55,5966.90023
M25190,56,5719.13598
M25190,57,6376.1146
M25190,58,5940.12497
M25190,59,6049.33695
M25190,60,6012.91915
M25190,61,6325.51965
M25190,62,6285.50135
M25190,63,6586.79695
M25190,64,6639.52067
M25190,65,6873.05881
M25190,66,6933.37048
M25190,67,6482.40053
M25190,68,6624.65803
M25190,69,6827.68754
M25190,70,6334.09926
M25190,71,5769.64617
M25190,72,6299.07584
M25190,73,5946.70095
M25190,74,5528.70571
M25190,75,5666.7342
M25190,76,6655.22201
M25190,77,6646.56039
M25190,78,6323.59461
M25190,79,6331.39344
M25190,80,6265.60913
M25190,81,5965.66562
M25190,82,5800.94245
M25190,83,5537.73775
M25190,84,6031.09765
M25190,85,6047.44793
M25190,86,6271.12565
M25190,87,6576.48426
M25190,88,5977.71301
M25190,89,6100.2039
M25190,90,5881.65127
M25190,91,5642.6598
M25190,92,5905.47973
M25190,93,5480.28045
M25190,94,5748.56676
M25190,95,5603.8057
M25190,96,6358.03637
M25190,97,6539.70962
M25190,98,6455.4764
M25190,99,6695.17104
M25190,100,6578.21648
M25190,101,6403.73903
M25190,102,6125.6373
M25190,103,5826.31707
M25190,104,5994.05849
M25190,105,5999.44876
M25190,106,6499.99884
M25190,107,6288.07735
M25190,108,6061.82872
M25190,109,5853.8493
M25190,110,6176.41363
M25190,111,6298.81304
M25190,112,5755.61693
M25190,113,6275.15466
M25190,114,5693.96411
M25190,115,6240.00764
M25190,116,6554.59616
M25190,117,6055.97474
M25190,118,6181.04586
M25190,119,5935.9317
M25190,120,6224.1535
M25190,121,6331.86724
M25190,122,6030.08814
M25190,123,6566.54366
M25190,124,6724.97562
M25190,125,6186.10837
M25190,126,6225.6401
M25190,127,5783.43408
M25190,128,6012.35044
M25190,129,5798.40068
M25190,130,6084.83109
M25190,131,5983.78044
M25190,132,5881.96635
M25190,133,6043.28845
M25190,134,6100.6182
M25190,135,6292.29822
M25190,136,6380.0384
M25190,137,6482.09413
M25190,138,6188.46093
M25190,139,6592.87635
M25190,140,6202.83539
M25190,141,6387.36219
M25190,142,6112.79482
M25190,143,6117.25785
M25190,144,6504.76646
M25190,145,6313.68114
M25190,146,6642.74225
M25190,147,6391.85383
M25190,148,6509.97776
M25190,149,6339.33056
M25190,150,6538.45896
M25190,151,6605.89716
M25190,152,6130.99145
M25190,153,6254.24282
M25190,154,6538.44107
M25190,155,6495.86246
M25190,156,6721.76983
M25190,157,6712.52062
M25190,158,6753.64091
M25190,159,6548.02426
M25190,160,6207.97299
M25190,161,6376.26589
M25190,162,6337.46671
M25190,163,6388.33451
M25190,164,6215.35476
M25190,165,6345.59857
M25190,166,6307.62483
M25190,167,6174.06301
M25190,168,6333.62358
M25190,169,6055.13492
M25190,170,6319.30682
M25190,171,5858.64758
M25190,172,5826.91167
M25190,173,5959.69442
M25190,174,5841.75682
M25190,175,6109.57578
M25190,176,5813.01863
M25190,177,6375.5285
M25190,178,6129.60356
M25190,179,5874.83259
M25190,180,6332.55008
M25190,181,6236.56308
M25190,182,6443.45349
M25190,183,6601.01282
M25190,184,6167.10493
M25190,185,6110.15652
M25190,186,5590.9998
M25190,187,5695.75569
M25190,188,5598.69929
M25190,189,5466.35362
M25190,190,5584.85554
M25190,191,5715.34671
M25190,192,5010.48455
M25190,193,5455.35127
M25190,194,5663.50476
M25190,195,5050.72087
M25190,196,5158.15364
M25190,197,5560.15512
M25190,198,5597.4437
M25190,199,5591.13454
M25190,200,5391.88825
M25190,201,5463.37615
M25190,202,5455.63431
M25429,1,7340.51373
M25429,2,7466.01406
M25429,3,7664.39847
M25429,4,7315.03185
M25429,5,7319.5016
M25429,6,7522.0127
M25429,7,7607.59751
M25429,8,7128.8486
M25429,9,7270.82742
M25429,10,7219.39974
M25429,11,7251.39915
M25429,12,7661.47566
M25429,13,7578.02127
M25429,14,7558.39767
M25429,15,7618.85773
M25429,16,7419.92593
M25429,17,7374.82122
M25429,18,7378.65007
M25429,19,7235.58803
M25429,20,7075.42343
M25429,21,7163.26061
M25429,22,7290.75677
M25429,23,7119.68638
M25429,24,7130.32643
M25429,25,7168.89838
M25429,26,7345.16328
M25429,27,7318.95881
M25429,28,7311.61811
M25429,29,7529.94088
M25429,30,7504.58569
M25429,31,7609.8134
M25429,32,7356.24768
M25429,33,7327.21699
M25429,34,7412.46715
M25429,35,7323.41864
M25429,36,7649.27953
M25429,37,7722.0657
M25429,38,7490.27624
M25429,39,7445.32003
M25429,40,7533.24873
M25429,41,7586.82623
M25429,42,7529.47744
M25429,43,7592.3297
M25429,44,7581.20216
M25429,45,7492.94423
M25429,46,7429.06892
M25429,47,7178.63586
M25429,48,7402.81608
M25429,49,6931.67281
M25429,50,7100.5342
M25429,51,7197.09316
M25429,52,6804.24487
M25429,53,6893.12541
M25429,54,6722.4118
M25429,55,6948.83283
M25429,56,6844.28951
M25429,57,6952.21947
M25429,58,6972.52399
M25429,59,7076.03589
M25429,60,7361.21634
M25429,61,7185.67046
M25429,62,7270.5577
M25429,63,7150.43602
M25429,64,7228.07255
M25429,65,7518.40717
M25429,66,7402.35038
M25429,67,7372.71602
M25429,68,7107.40673
M25429,69,7180.82756
M25429,70,6938.11643
M25429,71,6793.00974
M25429,72,6981.66143
M25429,73,7124.32962
M25429,74,7250.63388
M25429,75,7233.32985
M25429,76,7187.93868
M25429,77,7224.54897
M25429,78,7424.28343
M25429,79,7569.39237
M25429,80,7383.17906
M25429,81,7324.655
M25429,82,7250.39762
M25429,83,7216.03805
M25429,84,7277.46946
M25429,85,7644.18885
M25429,86,7375.43285
M25429,87,7436.91378
M25429,88,7481.37979
M25429,89,7685.10047
M25429,90,7450.52309
M25429,91,7422.31444
M25429,92,7321.73646
M25429,93,7236.11964
M25429,94,7339.64405
M25429,95,7371.17287
M25429,96,7313.99029
M25429,97,7317.30091
M25429,98,7226.32435
M25429,99,7213.48144
M25429,100,7058.85783
M25429,101,7205.2231
M25429,102,7041.43767
M25429,103,7097.78522
M25429,104,7166.8583
M25429,105,7355.44175
M25429,106,7362.54296
M25429,107,7224.9985
M25429,108,7479.41786
M25429,109,7325.27728
M25429,110,7381.51422
M25429,111,7595.02667
M25429,112,7545.10824
M25429,113,7704.34102
M25429,114,7320.24774
M25429,115,7278.681
M25429,116,7102.36487
M25429,117,7268.88297
M25429,118,7845.89015
M25429,119,7732.22145
M25429,120,7690.49183
M25429,121,8371.90697
M25429,122,8104.86193
M25429,123,8202.59491
M25429,124,7923.0514
M25429,125,7844.00783
M25429,126,8020.0592
M25429,127,7609.37642
M25429,128,7884.47968
M25429,129,7756.52614
M25429,130,7872.79537
M25429,131,7734.02923
M25429,132,7893.82204
M25429,133,7691.11692
M25429,134,7717.02217
M25429,135,7555.9802
M25429,136,7706.77222
M25429,137,7593.16438
M25429,138,7546.18667
M25429,139,7237.9506
M25429,140,7256.60274
M25429,141,7206.63845
M25429,142,7202.44048
M25429,143,7220.31689
M25429,144,7200.57796
M25429,145,7007.34731
M25429,146,7170.17868
M25429,147,7311.18918
M25429,148,7334.41325
M25429,149,6965.50244
M25429,150,7417.72903
M25429,151,7125.09379
M25429,152,7492.44485
M25429,153,7594.44722
M25429,154,7551.73856
M25429,155,7544.46746
M25429,156,7432.78688
M25429,157,7354.91591
M25429,158,7392.59176
M25429,159,7457.42745
M25429,160,7592.81961
M25429,161,7650.75355
M25429,162,7730.77569
M25429,163,7529.66816
M25429,164,7590.14044
M25429,165,7661.04952
M25429,166,7672.7676
M25429,167,7716.03319
M25429,168,7662.25409
M25429,169,7488.76317
M25429,170,7206.2193
M25429,171,7351.43218
M25429,172,7411.71772
M25429,173,7380.88907
M25429,174,7299.67936
M25429,175,7370.31535
M25429,176,7728.48123
M25429,177,7451.81241
M25429,178,7565.35981
M25429,179,7581.53373
M25429,180,7862.85234
M25429,181,7625.32826
M25429,182,7536.27687
M25429,183,7567.15773
M25429,184,7441.03716
M25429,185,7582.3657
M25429,186,7965.3983
M25429,187,7639.57306
M25429,188,7521.45141
M25429,189,7680.25031
M25429,190,7560.02698
M25429,191,7811.25501
M25429,192,8049.06684
M25429,193,7878.8721
M25429,194,7915.72872
M25429,195,8240.636
M25429,196,8295.05186
M25429,197,8137.66553
M25429,198,8039.05502
M25429,199,8011.33293
M25429,200,7784.75834
M25429,201,7587.20408
M25429,202,7486.0069
M25923,1,7062.97943
M25923,2,7243.542686
M25923,3,7206.26393
M25923,4,7275.260293
M25923,5,7227.237985
M25923,6,6907.193328
M25923,7,7118.481435
M25923,8,7176.403727
M25923,9,7038.974694
M25923,10,7188.247943
M25923,11,7173.052181
M25923,12,7226.201586
M25923,13,7213.065664
M25923,14,7379.014449
M25923,15,7319.530019
M25923,16,7431.446826
M25923,17,7473.710309
M25923,18,7279.079268
M25923,19,7517.488365
M25923,20,7501.974042
M25923,21,7560.328802
M25923,22,7545.928309
M25923,23,7574.859925
M25923,24,7562.209739
M25923,25,7470.878632
M25923,26,7784.614496
M25923,27,7704.992816
M25923,28,7841.059559
M25923,29,7894.888565
M25923,30,7570.474191
M25923,31,7753.46753
M25923,32,7926.732693
M25923,33,7991.812584
M25923,34,7959.451917
M25923,35,8034.662327
M25923,36,8093.053395
M25923,37,8095.473456
M25923,38,8247.789868
M25923,39,8198.809994
M25923,40,8237.518703
M25923,41,8242.310097
M25923,42,8064.763185
M25923,43,8245.970994
M25923,44,8214.416205
M25923,45,8222.520114
M25923,46,8267.209547
M25923,47,8343.404134
M25923,48,8454.632951
M25923,49,8458.334547
M25923,50,8560.15085
M25923,51,8509.337431
M25923,52,8566.848612
M25923,53,8700.511354
M25923,54,8261.556792
M25923,55,8532.318273
M25923,56,8658.299541
M25923,57,8670.176796
M25923,58,8685.661031
M25923,59,8753.702913
M25923,60,8904.811599
M25923,61,8877.245393
M25923,62,9041.605906
M25923,63,8910.036927
M25923,64,8875.827852
M25923,65,8896.753411
M25923,66,8563.169162
M25923,67,8843.452306
M25923,68,8876.784542
M25923,69,8916.977237
M25923,70,8940.801329
M25923,71,8983.463513
M25923,72,8976.485029
M25923,73,9029.049961
M25923,74,9054.652118
M25923,75,8971.406013
M25923,76,9032.875277
M25923,77,8993.853323
M25923,78,8848.451184
M25923,79,9016.579542
M25923,80,9121.437336
M25923,81,9132.533665
M25923,82,9171.021705
M25923,83,9297.039992
M25923,84,9370.846761
M25923,85,9399.485994
M25923,86,9542.911958
M25923,87,9519.953266
M25923,88,9585.495251
M25923,89,9616.145795
M25923,90,9427.071081
M25923,91,9603.577357
M25923,92,9657.074709
M25923,93,9643.631258
M25923,94,9650.00489
M25923,95,9637.107858
M25923,96,9594.428243
M25923,97,9638.276244
M25923,98,9762.262282
M25923,99,9612.764103
M25923,100,9711.330551
M25923,101,9696.434964
M25923,102,9435.248581
M25923,103,9639.716694
M25923,104,9674.477578
M25923,105,9669.866983
M25923,106,9759.38332
M25923,107,9896.947013
M25923,108,9819.844441
M25923,109,9840.72037
M25923,110,10054.54847
M25923,111,10098.20292
M25923,112,9978.055716
M25923,113,10069.96691
M25923,114,9825.128193
M25923,115,10025.51072
M25923,116,10126.20798
M25923,117,10177.80424
M25923,118,10200.56102
M25923,119,10244.89362
M25923,120,10230.10658
M25923,121,10299.06472
M25923,122,10324.20158
M25923,123,10327.50739
M25923,124,10321.18775
M25923,125,10394.38669
M25923,126,10117.62684
M25923,127,10271.23771
M25923,128,10427.75562
M25923,129,10362.11314
M25923,130,10526.1969
M25923,131,10513.90356
M25923,132,10554.73538
M25923,133,10561.53759
M25923,134,10726.73579
M25923,135,10584.27402
M25923,136,10619.47595
M25923,137,10693.18223
M25923,138,10418.35098
M25923,139,10609.73705
M25923,140,10743.56812
M25923,141,10704.38541
M25923,142,10795.51628
M25923,143,10847.62254
M25923,144,10877.20151
M25923,145,10900.19929
M25923,146,11027.41293
M25923,147,11006.39346
M25923,148,11020.88318
M25923,149,11036.41227
M25923,150,10733.90253
M25923,151,10944.85375
M25923,152,11049.78487
M25923,153,11066.79593
M25923,154,11096.47548
M25923,155,11109.4306
M25923,156,11042.63027
M25923,157,11081.82368
M25923,158,11182.47438
M25923,159,11152.80951
M25923,160,11123.81095
M25923,161,11227.83774
M25923,162,11132.88748
M25923,163,11251.29953
M25923,164,11190.84817
M25923,165,11234.27097
M25923,166,11350.71977
M25923,167,11347.28566
M25923,168,11345.27491
M25923,169,11327.17731
M25923,170,11453.28119
M25923,171,11314.40818
M25923,172,11401.77905
M25923,173,11325.03738
M25923,174,11174.28232
M25923,175,11350.57553
M25923,176,11373.1375
M25923,177,11377.89761
M25923,178,11480.38389
M25923,179,11517.13677
M25923,180,11585.74859
M25923,181,11575.27085
M25923,182,11702.81633
M25923,183,11576.59192
M25923,184,11572.18219
M25923,185,11528.58341
M25923,186,11277.91728
M25923,187,11404.30195
M25923,188,11499.64162
M25923,189,11495.26353
M25923,190,11520.8537
M25923,191,11561.39194
M25923,192,11553.75295
M25923,193,11475.06177
M25923,194,11588.29014
M25923,195,11545.08379
M25923,196,11579.18519
M25923,197,11693.9687
M25923,198,11357.58959
M25923,199,11481.63027
M25923,200,11582.85198
M25923,201,11544.23203
M25923,202,11604.68682
M25923,203,11444.03578
M25923,204,11507.14446
M25923,205,11525.08219
M25923,206,11685.57258
M25923,207,11468.57465
M25923,208,11493.0842
M25923,209,11533.5413
M25923,210,11229.11957
M25923,211,11496.21505
M25923,212,11469.2185
M25923,213,11521.89734
M25923,214,11572.04088
M25923,215,11715.04488
M25923,216,11771.51082
M25923,217,11802.838847
M25923,218,11938.060049
M25923,219,11710.831674
M25923,220,11660.75149
M25923,221,11739.682554
M25923,222,11446.565998
M25923,223,11646.016237
M25923,224,11824.835173
M25923,225,11798.796234
M25923,226,11802.708766
M25923,227,11774.206792
M25923,228,11625.670363
M25923,229,11722.459774
M25923,230,11737.007373
M25923,231,11618.558317
M25923,232,11672.793276
M25923,233,11745.966041
M25923,234,11417.32265
M25923,235,11741.181193
M25923,236,11725.706158
M25923,237,11740.280423
M25923,238,11742.854976
M25923,239,11772.533486
M25923,240,11743.613842
M26478,1,7130.0
M26478,2,7160.0
M26478,3,7220.0
M26478,4,7290.0
M26478,5,7380.0
M26478,6,7480.0
M26478,7,7650.0
M26478,8,7490.0
M26478,9,7510.0
M26478,10,7610.0
M26478,11,7600.0
M26478,12,7740.0
M26478,13,7710.0
M26478,14,7880.0
M26478,15,8010.0
M26478,16,8020.0
M26478,17,8150.0
M26478,18,8050.0
M26478,19,8020.0
M26478,20,7910.0
M26478,21,8020.0
M26478,22,8000.0
M26478,23,8110.0
M26478,24,7940.0
M26478,25,7820.0
M26478,26,7740.0
M26478,27,7660.0
M26478,28,7600.0
M26478,29,7680.0
M26478,30,7770.0
M26478,31,7930.0
M26478,32,8010.0
M26478,33,8000.0
M26478,34,8010.0
M26478,35,8030.0
M26478,36,7840.0
M26478,37,7940.0
M26478,38,7970.0
M26478,39,7980.0
M26478,40,7930.0
M26478,41,7780.0
M26478,42,7700.0
M26478,43,7590.0
M26478,44,7840.0
M26478,45,7890.0
M26478,46,7880.0
M26478,47,7900.0
M26478,48,7930.0
M26478,49,7940.0
M26478,50,7870.0
M26478,51,7750.0
M26478,52,7740.0
M26478,53,7770.0
M26478,54,7830.0
M26478,55,7790.0
M26478,56,7630.0
M26478,57,7490.0
M26478,58,7470.0
M26478,59,7500.0
M26478,60,7590.0
M26478,61,7760.0
M26478,62,7820.0
M26478,63,7860.0
M26478,64,7790.0
M26478,65,7730.0
M26478,66,7560.0
M26478,67,7360.0
M26478,68,7360.0
M26478,69,7460.0
M26478,70,7500.0
M26478,71,7430.0
M26478,72,7360.0
M26478,73,7260.0
M26478,74,7190.0
M26478,75,7110.0
M26478,76,7260.0
M26478,77,7430.0
M26478,78,7250.0
M26478,79,7240.0
M26478,80,7000.0
M26478,81,7130.0
M26478,82,7070.0
M26478,83,7200.0
M26478,84,6890.0
M26478,85,6840.0
M26478,86,6830.0
M26478,87,6870.0
M26478,88,6840.0
M26478,89,6850.0
M26478,90,6900.0
M26478,91,6930.0
M26478,92,7050.0
M26478,93,7090.0
M26478,94,7050.0
M26478,95,7100.0
M26478,96,7050.0
M26478,97,7070.0
M26478,98,6960.0
M26478,99,6970.0
M26478,100,6920.0
M26478,101,6990.0
M26478,102,6970.0
M26478,103,7390.0
M26478,104,7190.0
M26478,105,7140.0
M26478,106,6880.0
M26478,107,7120.0
M26478,108,7060.0
M26478,109,7030.0
M26478,110,6930.0
M26478,111,6890.0
M26478,112,6870.0
M26478,113,6920.0
M26478,114,6910.0
M26478,115,6780.0
M26478,116,6800.0
M26478,117,6680.0
M26478,118,6600.0
M26478,119,6510.0
M26478,120,6520.0
M26478,121,6600.0
M26478,122,6660.0
M26478,123,6690.0
M26478,124,6660.0
M26478,125,6540.0
M26478,126,6430.0
M26478,127,6630.0
M26478,128,6670.0
M26478,129,6870.0
M26478,130,7000.0
M26478,131,7070.0
M26478,132,7120.0
M26478,133,7030.0
M26478,134,7130.0
M26478,135,6960.0
M26478,136,6960.0
M26478,137,6930.0
M26478,138,6890.0
M26478,139,6940.0
M26478,140,6820.0
M26478,141,6680.0
M26478,142,6840.0
M26478,143,6960.0
M26478,144,6850.0
M26478,145,6630.0
M26478,146,6570.0
M26478,147,6560.0
M26478,148,6480.0
M26478,149,6280.0
M26478,150,6110.0
M26478,151,6150.0
M26478,152,6330.0
M26478,153,6270.0
M26478,154,6350.0
M26478,155,6390.0
M26478,156,6590.0
M26478,157,6620.0
M26478,158,6640.0
M26478,159,6620.0
M26478,160,6490.0
M26478,161,6760.0
M26478,162,6800.0
M26478,163,6790.0
M26478,164,6710.0
M26478,165,6720.0
M26478,166,6850.0
M26478,167,6900.0
M26478,168,6830.0
M26478,169,7090.0
M26478,170,7070.0
M26478,171,7150.0
M26478,172,7330.0
M26478,173,7600.0
M26478,174,7530.0
M26478,175,7600.0
M26478,176,7560.0
M26478,177,7610.0
M26478,178,7440.0
M26478,179,7180.0
M26478,180,7380.0
M26478,181,7410.0
M26478,182,7520.0
M26478,183,7690.0
M26478,184,7710.0
M26478,185,7920.0
M26478,186,7600.0
M26478,187,7470.0
M26478,188,7350.0
M26478,189,7360.0
M26478,190,7330.0
M26478,191,7270.0
M26478,192,7320.0
M26478,193,7390.0
M26478,194,7420.0
M26478,195,7400.0
M26478,196,7380.0
M26478,197,7510.0
M26478,198,7620.0
M26478,199,7570.0
M26478,200,7600.0
M26478,201,7680.0
M26478,202,7810.0
M26478,203,7840.0
M26478,204,7760.0
M26478,205,7650.0
M26478,206,7510.0
M26478,207,7460.0
M26478,208,7510.0
M26478,209,7350.0
M26478,210,7430.0
M26478,211,7410.0
M26478,212,7550.0
M26478,213,7440.0
M26478,214,7600.0
M26478,215,7690.0
M26478,216,7680.0
M26478,217,7640.0
M26478,218,7760.0
M26478,219,7780.0
M26478,220,7780.0
M26478,221,7640.0
M26478,222,7780.0
M26478,223,8050.0
M26478,224,8010.0
M26478,225,8080.0
M26478,226,7970.0
M26478,227,8210.0
M26478,228,8070.0
M26478,229,8120.0
M26478,230,8100.0
M26478,231,8050.0
M26478,232,7920.0
M26478,233,7620.0
M26478,234,7760.0
M26478,235,7690.0
M26478,236,7920.0
M26478,237,7870.0
M26478,238,7720.0
M26478,239,7630.0
M26478,240,7730.0
M26539,1,1692.0
M26539,2,1692.0
M26539,3,1682.0
M26539,4,1662.0
M26539,5,1649.0
M26539,6,1641.0
M26539,7,1642.0
M26539,8,1637.0
M26539,9,1630.0
M26539,10,1642.0
M26539,11,1646.0
M26539,12,1639.0
M26539,13,1635.0
M26539,14,1627.0
M26539,15,1628.0
M26539,16,1625.0
M26539,17,1638.0
M26539,18,1652.0
M26539,19,1650.0
M26539,20,1648.0
M26539,21,1627.0
M26539,22,1625.0
M26539,23,1632.0
M26539,24,1642.0
M26539,25,1650.0
M26539,26,1645.0
M26539,27,1646.0
M26539,28,1644.0
M26539,29,1629.0
M26539,30,1614.0
M26539,31,1617.0
M26539,32,1613.0
M26539,33,1613.0
M26539,34,1619.0
M26539,35,1609.0
M26539,36,1596.0
M26539,37,1586.0
M26539,38,1584.0
M26539,39,1580.0
M26539,40,1594.0
M26539,41,1605.0
M26539,42,1611.0
M26539,43,1602.0
M26539,44,1602.0
M26539,45,1613.0
M26539,46,1603.0
M26539,47,1605.0
M26539,48,1615.0
M26539,49,1633.0
M26539,50,1636.0
M26539,51,1634.0
M26539,52,1632.0
M26539,53,1638.0
M26539,54,1632.0
M26539,55,1625.0
M26539,56,1612.0
M26539,57,1615.0
M26539,58,1627.0
M26539,59,1626.0
M26539,60,1619.0
M26539,61,1614.0
M26539,62,1625.0
M26539,63,1637.0
M26539,64,1622.0
M26539,65,1628.0
M26539,66,1637.0
M26539,67,1652.0
M26539,68,1654.0
M26539,69,1654.0
M26539,70,1662.0
M26539,71,1651.0
M26539,72,1646.0
M26539,73,1659.0
M26539,74,1646.0
M26539,75,1655.0
M26539,76,1646.0
M26539,77,1649.0
M26539,78,1654.0
M26539,79,1653.0
M26539,80,1648.0
M26539,81,1635.0
M26539,82,1644.0
M26539,83,1634.0
M26539,84,1664.0
M26539,85,1652.0
M26539,86,1666.0
M26539,87,1670.0
M26539,88,1661.0
M26539,89,1658.0
M26539,90,1666.0
M26539,91,1682.0
M26539,92,1684.0
M26539,93,1699.0
M26539,94,1705.0
M26539,95,1710.0
M26539,96,1697.0
M26539,97,1719.0
M26539,98,1715.0
M26539,99,1723.0
M26539,100,1722.0
M26539,101,1724.0
M26539,102,1722.0
M26539,103,1736.0
M26539,104,1722.0
M26539,105,1714.0
M26539,106,1713.0
M26539,107,1716.0
M26539,108,1725.0
M26539,109,1725.0
M26539,110,1722.0
M26539,111,1720.0
M26539,112,1720.0
M26539,113,1727.0
M26539,114,1711.0
M26539,115,1712.0
M26539,116,1720.0
M26539,117,1718.0
M26539,118,1705.0
M26539,119,1694.0
M26539,120,1689.0
M26539,121,1687.0
M26539,122,1676.0
M26539,123,1683.0
M26539,124,1691.0
M26539,125,1686.0
M26539,126,1690.0
M26539,127,1682.0
M26539,128,1672.0
M26539,129,1692.0
M26539,130,1723.0
M26539,131,1715.0
M26539,132,1704.0
M26539,133,1698.0
M26539,134,1701.0
M26539,135,1718.0
M26539,136,1719.0
M26539,137,1723.0
M26539,138,1722.0
M26539,139,1715.0
M26539,140,1711.0
M26539,141,1703.0
M26539,142,1707.0
M26539,143,1705.0
M26539,144,1715.0
M26539,145,1718.0
M26539,146,1727.0
M26539,147,1728.0
M26539,148,1719.0
M26539,149,1717.0
M26539,150,1701.0
M26539,151,1721.0
M26539,152,1690.0
M26539,153,1689.0
M26539,154,1686.0
M26539,155,1693.0
M26539,156,1665.0
M26539,157,1653.0
M26539,158,1650.0
M26539,159,1654.0
M26539,160,1615.0
M26539,161,1589.0
M26539,162,1569.0
M26539,163,1544.0
M26539,164,1540.0
M26539,165,1517.0
M26539,166,1510.0
M26539,167,1482.0
M26539,168,1461.0
M26539,169,1463.0
M26539,170,1461.0
M26539,171,1441.0
M26539,172,1442.0
M26539,173,1458.0
M26539,174,1490.0
M26539,175,1507.0
M26539,176,1502.0
M26539,177,1511.0
M26539,178,1517.0
M26539,179,1546.0
M26539,180,1543.0
M26539,181,1527.0
M26539,182,1524.0
M26539,183,1532.0
M26539,184,1543.0
M26539,185,1540.0
M26539,186,1543.0
M26539,187,1549.0
M26539,188,1536.0
M26539,189,1518.0
M26539,190,1519.0
M26539,191,1493.0
M26539,192,1464.0
M26539,193,1452.0
M26539,194,1465.0
M26539,195,1464.0
M26539,196,1460.0
M26539,197,1460.0
M26539,198,1451.0
M26539,199,1474.0
M26539,200,1491.0
M26539,201,1501.0
M26539,202,1509.0
M26539,203,1517.0
M26539,204,1548.0
M26539,205,1549.0
M26539,206,1544.0
M26539,207,1528.0
M26539,208,1511.0
M26539,209,1510.0
M26539,210,1512.0
M26539,211,1484.0
M26539,212,1476.0
M26539,213,1490.0
M26539,214,1496.0
M26539,215,1518.0
M26539,216,1510.0
M26539,217,1539.0
M26539,218,1529.0
M26539,219,1534.0
M26539,220,1543.0
M26539,221,1542.0
M26539,222,1564.0
M26539,223,1567.0
M26539,224,1580.0
M26539,225,1564.0
M26539,226,1587.0
M26539,227,1575.0
M26539,228,1580.0
M26539,229,1572.0
M26539,230,1596.0
M26539,231,1606.0
M26539,232,1617.0
M26539,233,1608.0
M26539,234,1596.0
M26539,235,1592.0
M26539,236,1593.0
M26539,237,1594.0
M26539,238,1602.0
M26539,239,1615.0
M26539,240,1615.0
M26905,1,5670.0
M26905,2,5760.0
M26905,3,1310.0
M26905,4,5280.0
M26905,5,5370.0
M26905,6,6340.0
M26905,7,6490.0
M26905,8,7400.0
M26905,9,7710.0
M26905,10,7700.0
M26905,11,6910.0
M26905,12,6360.0
M26905,13,5700.0
M26905,14,5800.0
M26905,15,5640.0
M26905,16,5590.0
M26905,17,6000.0
M26905,18,6440.0
M26905,19,6350.0
M26905,20,5820.0
M26905,21,5440.0
M26905,22,5760.0
M26905,23,6020.0
M26905,24,5920.0
M26905,25,5680.0
M26905,26,6020.0
M26905,27,5870.0
M26905,28,6630.0
M26905,29,7120.0
M26905,30,7690.0
M26905,31,7310.0
M26905,32,6640.0
M26905,33,6960.0
M26905,34,6260.0
M26905,35,5500.0
M26905,36,5470.0
M26905,37,5900.0
M26905,38,4840.0
M26905,39,5850.0
M26905,40,6000.0
M26905,41,6170.0
M26905,42,6060.0
M26905,43,5710.0
M26905,44,5580.0
M26905,45,6000.0
M26905,46,5450.0
M26905,47,4750.0
M26905,48,4440.0
M26905,49,5100.0
M26905,50,5200.0
M26905,51,3930.0
M26905,52,4170.0
M26905,53,5580.0
M26905,54,6220.0
M26905,55,5750.0
M26905,56,5700.0
M26905,57,5470.0
M26905,58,5560.0
M26905,59,4390.0
M26905,60,4170.0
M26905,61,5320.0
M26905,62,4260.0
M26905,63,4100.0
M26905,64,4290.0
M26905,65,5380.0
M26905,66,5820.0
M26905,67,5960.0
M26905,68,5590.0
M26905,69,5120.0
M26905,70,4640.0
M26905,71,5560.0
M26905,72,5110.0
M26905,73,5190.0
M26905,74,5380.0
M26905,75,4890.0
M26905,76,5350.0
M26905,77,5000.0
M26905,78,5880.0
M26905,79,5000.0
M26905,80,4630.0
M26905,81,4830.0
M26905,82,4480.0
M26905,83,4350.0
M26905,84,4190.0
M26905,85,3580.0
M26905,86,4490.0
M26905,87,5290.0
M26905,88,4390.0
M26905,89,4220.0
M26905,90,5110.0
M26905,91,3750.0
M26905,92,3680.0
M26905,93,4040.0
M26905,94,5280.0
M26905,95,5450.0
M26905,96,5520.0
M26905,97,5100.0
M26905,98,5960.0
M26905,99,5950.0
M26905,100,5970.0
M26905,101,6840.0
M26905,102,6450.0
M26905,103,6270.0
M26905,104,5970.0
M26905,105,6420.0
M26905,106,6580.0
M26905,107,5390.0
M26905,108,5310.0
M26905,109,5240.0
M26905,110,4290.0
M26905,111,4480.0
M26905,112,5170.0
M26905,113,5970.0
M26905,114,5680.0
M26905,115,6110.0
M26905,116,6020.0
M26905,117,5450.0
M26905,118,5770.0
M26905,119,5910.0
M26905,120,4290.0
M26905,121,4780.0
M26905,122,3150.0
M26905,123,3700.0
M26905,124,3150.0
M26905,125,4880.0
M26905,126,6280.0
M26905,127,6260.0
M26905,128,5760.0
M26905,129,5430.0
M26905,130,5300.0
M26905,131,4820.0
M26905,132,3610.0
M26905,133,3700.0
M26905,134,3180.0
M26905,135,3620.0
M26905,136,3660.0
M26905,137,4270.0
M26905,138,4620.0
M26905,139,4520.0
M26905,140,5150.0
M26905,141,5160.0
M26905,142,4890.0
M26905,143,3980.0
M26905,144,3550.0
M26905,145,3910.0
M26905,146,4340.0
M26905,147,4300.0
M26905,148,4460.0
M26905,149,5260.0
M26905,150,5420.0
M26905,151,5370.0
M26905,152,5750.0
M26905,153,5180.0
M26905,154,5310.0
M26905,155,5270.0
M26905,156,4620.0
M26905,157,3860.0
M26905,158,4890.0
M26905,159,5220.0
M26905,160,4660.0
M26905,161,5640.0
M26905,162,5420.0
M26905,163,6320.0
M26905,164,4830.0
M26905,165,4740.0
M26905,166,5640.0
M26905,167,4380.0
M26905,168,3460.0
M26905,169,4470.0
M27083,1,2159.85
M27083,2,2101.32
M27083,3,2168.33
M27083,4,2193.4
M27083,5,2256.49
M27083,6,2256.21
M27083,7,2288.89
M27083,8,2315.42
M27083,9,2229.45
M27083,10,2349.03
M27083,11,2269.01
M27083,12,2331.75
M27083,13,2289.53
M27083,14,1991.07
M27083,15,2252.82
M27083,16,2252.1
M27083,17,2338.59
M27083,18,2188.02
M27083,19,2314.08
M27083,20,2302.8
M27083,21,2217.54
M27083,22,2249.31
M27083,23,2204.87
M27083,24,2251.64
M27083,25,2233.35
M27083,26,1929.64
M27083,27,2145.5
M27083,28,2107.58
M27083,29,2209.91
M27083,30,2194.92
M27083,31,2234.44
M27083,32,2184.64
M27083,33,2092.78
M27083,34,2100.45
M27083,35,2128.71
M27083,36,2299.28
M27083,37,2226.34
M27083,38,1883.68
M27083,39,2136.83
M27083,40,2157.13
M27083,41,2324.37
M27083,42,2313.2
M27083,43,2267.9
M27083,44,2326.64
M27083,45,2253.15
M27083,46,2277.11
M27083,47,2195.53
M27083,48,2290.32
M27083,49,2252.92
M27083,50,2088.0
M27083,51,2292.66
M27083,52,2235.85
M27083,53,2350.17
M27083,54,2277.5
M27083,55,2284.76
M27083,56,2344.08
M27083,57,2223.72
M27083,58,2313.35
M27083,59,2316.34
M27083,60,2423.37
M27083,61,2294.95
M27083,62,2117.55
M27083,63,2313.75
M27083,64,2206.61
M27083,65,2309.84
M27083,66,2186.21
M27083,67,2358.15
M27083,68,2300.34
M27083,69,2048.99
M27083,70,2108.17
M27083,71,2155.22
M27083,72,2253.36
M27083,73,2221.23
M27083,74,1980.45
M27083,75,2092.1
M27083,76,2096.81
M27083,77,2235.28
M27083,78,2182.97
M27083,79,2248.43
M27083,80,2280.39
M27083,81,2177.09
M27083,82,2111.68
M27083,83,2105.01
M27083,84,2182.3
M27083,85,2123.41
M27083,86,1991.36
M27083,87,2216.59
M27083,88,2068.8
M27083,89,2185.76
M27083,90,2140.07
M27083,91,2181.67
M27083,92,2183.82
M27083,93,2053.25
M27083,94,2142.11
M27083,95,2125.12
M27083,96,2205.9
M27083,97,2172.95
M27083,98,1966.79
M27083,99,2043.97
M27083,100,2046.51
M27083,101,2198.5
M27083,102,2055.2
M27083,103,2061.56
M27083,104,2066.7
M27083,105,1713.19
M27083,106,2094.17
M27083,107,2074.73
M27083,108,2156.83
M27083,109,2085.35
M27083,110,1826.86
M27083,111,1956.65
M27083,112,1972.12
M27083,113,2041.93
M27083,114,1918.76
M27083,115,2005.88
M27083,116,1884.45
M27083,117,1959.7
M27083,118,1880.82
M27083,119,2034.18
M27083,120,2005.39
M27083,121,2003.32
M27083,122,1838.02
M27083,123,2003.31
M27083,124,2088.61
M27083,125,2068.45
M27083,126,1954.46
M27083,127,2086.11
M27083,128,2153.85
M27083,129,2061.28
M27083,130,2090.33
M27083,131,2064.1
M27083,132,2144.44
M27083,133,2032.64
M27083,134,1844.56
M27083,135,1995.87
M27083,136,1928.33
M27083,137,2063.63
M27083,138,2066.82
M27083,139,2060.71
M27083,140,2016.3
M27083,141,2066.53
M27083,142,2043.3
M27083,143,2051.55
M27083,144,2042.92
M27083,145,2048.12
M27083,146,1824.27
M27083,147,1947.37
M27083,148,1907.95
M27083,149,2042.68
M27083,150,2074.46
M27083,151,2043.46
M27083,152,2136.76
M27083,153,1966.9
M27083,154,2057.88
M27083,155,2073.11
M27083,156,2145.42
M27083,157,1979.14
M27083,158,1839.12
M27083,159,2088.33
M27083,160,2030.7
M27083,161,2143.06
M27083,162,2115.02
M27083,163,2120.25
M27083,164,2113.06
M27083,165,2096.35
M27083,166,2084.29
M27083,167,2045.08
M27083,168,2059.71
M27083,169,2066.3
M27083,170,2025.25
M27083,171,2206.14
M27083,172,2160.56
M27083,173,2223.75
M27083,174,2163.17
M27083,175,2203.16
M27083,176,2214.04
M27083,177,2220.2
M27083,178,2224.29
M27083,179,2215.68
M27083,180,2337.12
M27083,181,2329.49
M27083,182,2122.47
M27083,183,2478.82
M27083,184,2425.75
M28781,1,1290.3
M28781,2,1110.9
M28781,3,1146.0
M28781,4,1228.4
M28781,5,1059.9
M28781,6,1059.9
M28781,7,1059.9
M28781,8,1029.2
M28781,9,1151.8
M28781,10,1236.9
M28781,11,1236.9
M28781,12,1236.9
M28781,13,1236.9
M28781,14,1236.9
M28781,15,1236.9
M28781,16,1086.1
M28781,17,1086.1
M28781,18,1175.2
M28781,19,961.6
M28781,20,972.1
M28781,21,1157.1
M28781,22,1157.1
M28781,23,1157.1
M28781,24,1157.1
M28781,25,904.4
M28781,26,893.8
M28781,27,1092.5
M28781,28,924.6
M28781,29,924.6
M28781,30,1081.1
M28781,31,799.8
M28781,32,884.5
M28781,33,1081.1
M28781,34,1081.1
M28781,35,1081.1
M28781,36,1081.1
M28781,37,896.0
M28781,38,1009.0
M28781,39,1070.9
M28781,40,1070.9
M28781,41,1078.5
M28781,42,1078.5
M28781,43,934.5
M28781,44,944.3
M28781,45,1092.7
M28781,46,1027.3
M28781,47,985.1
M28781,48,985.2
M28781,49,824.3
M28781,50,947.9
M28781,51,954.2
M28781,52,954.2
M28781,53,954.2
M28781,54,744.1
M28781,55,744.1
M28781,56,787.3
M28781,57,820.6
M28781,58,877.9
M28781,59,877.9
M28781,60,931.2
M28781,61,906.1
M28781,62,928.0
M28781,63,943.9
M28781,64,970.3
M28781,65,970.3
M28781,66,985.5
M28781,67,996.9
M28781,68,985.5
M28781,69,1004.6
M28781,70,1009.5
M28781,71,1009.5
M28781,72,1035.4
M28781,73,1051.5
M28781,74,1051.5
M28781,75,919.3
M28781,76,896.1
M28781,77,1019.9
M28781,78,1006.6
M28781,79,1019.9
M28781,80,1019.9
M28781,81,1042.0
M28781,82,1023.8
M28781,83,1023.8
M28781,84,1078.3
M28781,85,1063.8
M28781,86,1070.2
M28781,87,1079.3
M28781,88,1115.5
M28781,89,1115.5
M28781,90,1031.1
M28781,91,1062.5
M28781,92,1021.7
M28781,93,1046.0
M28781,94,1079.5
M28781,95,1087.7
M28781,96,1100.3
M28781,97,1100.3
M28781,98,1040.8
M28781,99,1040.8
M28781,100,1100.3
M28781,101,1100.3
M28781,102,1100.3
M28781,103,1100.3
M28781,104,1047.5
M28781,105,1100.3
M28781,106,1111.3
M28781,107,1111.3
M28781,108,1124.6
M28781,109,1159.2
M28781,110,1159.2
M28781,111,1159.2
M28781,112,1159.2
M28781,113,1159.2
M28781,114,1046.6
M28781,115,1046.6
M28781,116,1009.2
M28781,117,1168.0
M28781,118,1168.0
M28781,119,1191.1
M28781,120,1188.2
M28781,121,1066.9
M28781,122,1066.9
M28781,123,1159.2
M28781,124,1188.3
M28781,125,1172.9
M28781,126,1172.9
M28781,127,1094.3
M28781,128,1172.9
M28781,129,1144.2
M28781,130,1172.9
M28781,131,1172.9
M28781,132,1172.9
M28781,133,996.3
M28781,134,1008.8
M28781,135,1460.6
M28781,136,1433.0
M28781,137,1433.0
M28781,138,1424.7
M28781,139,1524.3
M28781,140,1411.3
M28781,141,1411.3
M28781,142,1473.7
M28781,143,1473.7
M28781,144,1416.5
M28781,145,1237.9
M28781,146,1416.5
M28781,147,1416.5
M28781,148,1416.5
M28781,149,1416.5
M28781,150,1416.5
M28781,151,1416.5
M28781,152,1416.5
M28781,153,1416.5
M28781,154,1354.0
M28781,155,1354.0
M28781,156,1369.4
M28781,157,1369.4
M28781,158,1369.4
M28781,159,1369.4
M28781,160,1369.4
M28781,161,1369.4
M28781,162,1369.4
M28781,163,1252.3
M28781,164,1134.2
M28781,165,1165.4
M28781,166,1165.4
M28781,167,1165.4
M28781,168,1191.7
M28781,169,1191.7
M28781,170,1191.7
M28781,171,1005.1
M28781,172,1005.1
M28781,173,1005.1
M28781,174,1281.3
M28781,175,1038.0
M28781,176,1028.1
M28781,177,1010.3
M28781,178,1010.3
M28781,179,1010.3
M28781,180,1010.3
M28781,181,1021.1
M28781,182,1021.1
M28781,183,1018.1
M28781,184,1018.1
M28781,185,1019.3
M28781,186,1019.3
M28781,187,1019.3
M28781,188,1005.3
M28781,189,1023.8
M28781,190,1023.8
M28781,191,1023.8
M28781,192,1023.8
M28781,193,993.9
M28781,194,1017.4
M28781,195,1017.4
M28781,196,1017.4
M28781,197,1017.4
M28781,198,1017.4
M28781,199,1038.6
M28781,200,1038.6
M28781,201,942.1
M28781,202,942.1
M28781,203,974.1
M28781,204,974.0
M28781,205,966.9
M28781,206,966.9
M28781,207,1054.4
M28781,208,1054.4
M28781,209,1054.4
M28781,210,1008.1
M28781,211,1008.1
M28781,212,1008.1
M28781,213,1013.1
M28781,214,1054.4
M28781,215,1001.7
M28781,216,1054.4
M28781,217,1054.4
M28781,218,1054.4
M28781,219,1054.4
M28781,220,1054.4
M28781,221,979.5
M28781,222,979.5
M28781,223,979.5
M28781,224,988.6
M28781,225,1054.4
M28781,226,1054.4
M28781,227,998.8
M28781,228,998.8
M28781,229,998.8
M28781,230,998.8
M28781,231,998.8
M28781,232,998.8
M28781,233,998.8
M28781,234,998.8
M29090,1,3130.0
M29090,2,3280.0
M29090,3,3320.0
M29090,4,3300.0
M29090,5,3310.0
M29090,6,3300.0
M29090,7,3150.0
M29090,8,3160.0
M29090,9,3170.0
M29090,10,3240.0
M29090,11,3350.0
M29090,12,3460.0
M29090,13,3450.0
M29090,14,3570.0
M29090,15,3570.0
M29090,16,3570.0
M29090,17,3580.0
M29090,18,3540.0
M29090,19,3410.0
M29090,20,3470.0
M29090,21,3580.0
M29090,22,3690.0
M29090,23,3790.0
M29090,24,3880.0
M29090,25,4010.0
M29090,26,4140.0
M29090,27,4150.0
M29090,28,3920.0
M29090,29,3880.0
M29090,30,3900.0
M29090,31,3930.0
M29090,32,3870.0
M29090,33,3990.0
M29090,34,4110.0
M29090,35,4230.0
M29090,36,4340.0
M29090,37,4390.0
M29090,38,4480.0
M29090,39,4540.0
M29090,40,4590.0
M29090,41,4570.0
M29090,42,4520.0
M29090,43,4340.0
M29090,44,4270.0
M29090,45,4410.0
M29090,46,4480.0
M29090,47,4570.0
M29090,48,4710.0
M29090,49,4830.0
M29090,50,4890.0
M29090,51,4910.0
M29090,52,4850.0
M29090,53,4800.0
M29090,54,4790.0
M29090,55,4540.0
M29090,56,4540.0
M29090,57,4670.0
M29090,58,4730.0
M29090,59,4830.0
M29090,60,4970.0
M29090,61,5070.0
M29090,62,5150.0
M29090,63,5250.0
M29090,64,5200.0
M29090,65,5220.0
M29090,66,5200.0
M29090,67,5110.0
M29090,68,5090.0
M29090,69,5150.0
M29090,70,5110.0
M29090,71,5100.0
M29090,72,5120.0
M29090,73,5040.0
M29090,74,5070.0
M29090,75,4930.0
M29090,76,4830.0
M29090,77,4740.0
M29090,78,4640.0
M29090,79,4370.0
M29090,80,4330.0
M29090,81,4410.0
M29090,82,4360.0
M29090,83,4440.0
M29090,84,4530.0
M29090,85,4560.0
M29090,86,4670.0
M29090,87,4560.0
M29090,88,4450.0
M29090,89,4380.0
M29090,90,4220.0
M29090,91,4000.0
M29090,92,3990.0
M29090,93,4020.0
M29090,94,4010.0
M29090,95,4040.0
M29090,96,4120.0
M29090,97,4190.0
M29090,98,4330.0
M29090,99,4350.0
M29090,100,4320.0
M29090,101,4270.0
M29090,102,4230.0
M29090,103,4030.0
M29090,104,4080.0
M29090,105,4120.0
M29090,106,4170.0
M29090,107,4240.0
M29090,108,4370.0
M29090,109,4420.0
M29090,110,4460.0
M29090,111,4450.0
M29090,112,4480.0
M29090,113,4420.0
M29090,114,4390.0
M29090,115,4160.0
M29090,116,4170.0
M29090,117,4230.0
M29090,118,4300.0
M29090,119,4360.0
M29090,120,4500.0
M29090,121,4570.0
M29090,122,4640.0
M29090,123,4670.0
M29090,124,4630.0
M29090,125,4600.0
M29090,126,4590.0
M29090,127,4490.0
M29090,128,4540.0
M29090,129,4510.0
M29090,130,4430.0
M29090,131,4620.0
M29090,132,4740.0
M29090,133,4790.0
M29090,134,4870.0
M29090,135,4890.0
M29090,136,4820.0
M29090,137,4760.0
M29090,138,4690.0
M29090,139,4500.0
M29090,140,4550.0
M29090,141,4630.0
M29090,142,4600.0
M29090,143,4700.0
M29090,144,4790.0
M29090,145,4860.0
M29090,146,4920.0
M29090,147,4920.0
M29090,148,4830.0
M29090,149,4730.0
M29090,150,4660.0
M29090,151,4430.0
M29090,152,4460.0
M29090,153,4420.0
M29090,154,4400.0
M29090,155,4460.0
M29090,156,4510.0
M29090,157,4550.0
M29090,158,4590.0
M29090,159,4510.0
M29090,160,4370.0
M29090,161,4190.0
M29090,162,4090.0
M29090,163,3780.0
M29090,164,3620.0
M29090,165,3590.0
M29090,166,3490.0
M29090,167,3420.0
M29090,168,3420.0
M29090,169,3380.0
M29090,170,3380.0
M29090,171,3340.0
M29090,172,3320.0
M29090,173,3310.0
M29090,174,3230.0
M29090,175,3120.0
M29090,176,3080.0
M29090,177,3120.0
M29090,178,3180.0
M29090,179,3210.0
M29090,180,3290.0
M29090,181,3340.0
M29090,182,3320.0
M29090,183,3310.0
M29090,184,3290.0
M29090,185,3200.0
M29090,186,3170.0
M29090,187,2980.0
M29090,188,2980.0
M29090,189,3020.0
M29090,190,3020.0
M29090,191,3050.0
M29090,192,3120.0
M29090,193,3280.0
M29090,194,3310.0
M29090,195,3340.0
M29090,196,3290.0
M29090,197,3280.0
M29090,198,3260.0
M29090,199,3190.0
M29090,200,3210.0
M29090,201,3240.0
M29090,202,3320.0
M29090,203,3470.0
M29090,204,3560.0
M29090,205,3580.0
M29090,206,3590.0
M29090,207,3570.0
M29090,208,3590.0
M29090,209,3600.0
M29090,210,3600.0
M29090,211,3490.0
M29090,212,3530.0
M29090,213,3560.0
M29090,214,3590.0
M29090,215,3630.0
M29090,216,3720.0
M29090,217,3870.0
M29090,218,3910.0
M29090,219,3850.0
M29090,220,3840.0
M29090,221,3830.0
M29090,222,3850.0
M29090,223,3720.0
M29090,224,3740.0
M29090,225,3760.0
M29090,226,3780.0
M29090,227,3830.0
M29090,228,3930.0
M29090,229,4050.0
M29090,230,4110.0
M29090,231,4100.0
M29090,232,4080.0
M29090,233,4080.0
M29090,234,4040.0
M29090,235,4000.0
M29090,236,4060.0
M29090,237,4140.0
M29090,238,4220.0
M29090,239,4260.0
M29090,240,4340.0
M29633,1,4890.0
M29633,2,4900.0
M29633,3,4910.0
M29633,4,5070.0
M29633,5,5080.0
M29633,6,5080.0
M29633,7,5040.0
M29633,8,5100.0
M29633,9,5100.0
M29633,10,5050.0
M29633,11,5060.0
M29633,12,5080.0
M29633,13,4950.0
M29633,14,5000.0
M29633,15,4980.0
M29633,16,5010.0
M29633,17,4990.0
M29633,18,4990.0
M29633,19,4920.0
M29633,20,4900.0
M29633,21,4910.0
M29633,22,4950.0
M29633,23,4980.0
M29633,24,5000.0
M29633,25,5140.0
M29633,26,5140.0
M29633,27,5110.0
M29633,28,5110.0
M29633,29,5050.0
M29633,30,5020.0
M29633,31,5040.0
M29633,32,5050.0
M29633,33,5070.0
M29633,34,5140.0
M29633,35,5220.0
M29633,36,5280.0
M29633,37,5040.0
M29633,38,5210.0
M29633,39,5100.0
M29633,40,5120.0
M29633,41,5140.0
M29633,42,5160.0
M29633,43,5050.0
M29633,44,5070.0
M29633,45,5110.0
M29633,46,5260.0
M29633,47,5270.0
M29633,48,5340.0
M29633,49,5210.0
M29633,50,5370.0
M29633,51,5330.0
M29633,52,5380.0
M29633,53,5430.0
M29633,54,5450.0
M29633,55,5470.0
M29633,56,5490.0
M29633,57,5470.0
M29633,58,5450.0
M29633,59,5510.0
M29633,60,5590.0
M29633,61,5390.0
M29633,62,5570.0
M29633,63,5500.0
M29633,64,5450.0
M29633,65,5430.0
M29633,66,5440.0
M29633,67,4800.0
M29633,68,5260.0
M29633,69,5200.0
M29633,70,5210.0
M29633,71,5150.0
M29633,72,5160.0
M29633,73,4750.0
M29633,74,5050.0
M29633,75,5010.0
M29633,76,4950.0
M29633,77,4910.0
M29633,78,4930.0
M29633,79,4560.0
M29633,80,4730.0
M29633,81,4690.0
M29633,82,4570.0
M29633,83,4590.0
M29633,84,4620.0
M29633,85,4410.0
M29633,86,4730.0
M29633,87,4690.0
M29633,88,4840.0
M29633,89,4850.0
M29633,90,4840.0
M29633,91,4690.0
M29633,92,4700.0
M29633,93,4680.0
M29633,94,4630.0
M29633,95,4690.0
M29633,96,4710.0
M29633,97,4530.0
M29633,98,4760.0
M29633,99,4740.0
M29633,100,4700.0
M29633,101,4750.0
M29633,102,4810.0
M29633,103,4690.0
M29633,104,4790.0
M29633,105,4830.0
M29633,106,4820.0
M29633,107,4880.0
M29633,108,4820.0
M29633,109,4680.0
M29633,110,4840.0
M29633,111,4890.0
M29633,112,4860.0
M29633,113,4850.0
M29633,114,4880.0
M29633,115,4810.0
M29633,116,4840.0
M29633,117,4830.0
M29633,118,4820.0
M29633,119,4870.0
M29633,120,4850.0
M29633,121,4780.0
M29633,122,4940.0
M29633,123,4910.0
M29633,124,4910.0
M29633,125,4900.0
M29633,126,4900.0
M29633,127,4780.0
M29633,128,4760.0
M29633,129,4760.0
M29633,130,4880.0
M29633,131,4850.0
M29633,132,4900.0
M29633,133,4650.0
M29633,134,4750.0
M29633,135,4710.0
M29633,136,4720.0
M29633,137,4710.0
M29633,138,4740.0
M29633,139,4650.0
M29633,140,4650.0
M29633,141,4650.0
M29633,142,4660.0
M29633,143,4660.0
M29633,144,4630.0
M29633,145,4540.0
M29633,146,4650.0
M29633,147,4570.0
M29633,148,4540.0
M29633,149,4600.0
M29633,150,4540.0
M29633,151,4500.0
M29633,152,4440.0
M29633,153,4400.0
M29633,154,4420.0
M29633,155,4440.0
M29633,156,4420.0
M29633,157,4310.0
M29633,158,4380.0
M29633,159,4340.0
M29633,160,4330.0
M29633,161,4140.0
M29633,162,4100.0
M29633,163,3580.0
M29633,164,3630.0
M29633,165,3620.0
M29633,166,3480.0
M29633,167,3360.0
M29633,168,3360.0
M29633,169,3500.0
M29633,170,3470.0
M29633,171,3750.0
M29633,172,3650.0
M29633,173,3660.0
M29633,174,3700.0
M29633,175,3630.0
M29633,176,3650.0
M29633,177,3670.0
M29633,178,3700.0
M29633,179,3780.0
M29633,180,3850.0
M29633,181,3770.0
M29633,182,3940.0
M29633,183,3960.0
M29633,184,3990.0
M29633,185,3980.0
M29633,186,4080.0
M29633,187,4070.0
M29633,188,4120.0
M29633,189,4150.0
M29633,190,4280.0
M29633,191,4340.0
M29633,192,4320.0
M29633,193,4300.0
M29633,194,4410.0
M29633,195,4430.0
M29633,196,4490.0
M29633,197,4530.0
M29633,198,4540.0
M29633,199,4500.0
M29633,200,4530.0
M29633,201,4560.0
M29633,202,4570.0
M29633,203,4660.0
M29633,204,4670.0
M29633,205,4720.0
M29633,206,4790.0
M29633,207,4810.0
M29633,208,5000.0
M29633,209,4970.0
M29633,210,5030.0
M29633,211,4980.0
M29633,212,5060.0
M29633,213,5120.0
M29633,214,5080.0
M29633,215,5160.0
M29633,216,5160.0
M29633,217,4930.0
M29633,218,5140.0
M29633,219,5250.0
M29633,220,5280.0
M29633,221,5280.0
M29633,222,5270.0
M29633,223,5310.0
M29633,224,5400.0
M29633,225,5410.0
M29633,226,5400.0
M29633,227,5510.0
M29633,228,5620.0
M29633,229,5560.0
M29633,230,5650.0
M29633,231,5590.0
M29633,232,5560.0
M29633,233,5610.0
M29633,234,5660.0
M29633,235,5560.0
M29633,236,5620.0
M29633,237,5590.0
M29633,238,5650.0
M29633,239,5740.0
M29633,240,5800.0
M29778,1,1170.0
M29778,2,1170.0
M29778,3,1180.0
M29778,4,1190.0
M29778,5,1230.0
M29778,6,1240.0
M29778,7,1210.0
M29778,8,1210.0
M29778,9,1220.0
M29778,10,1220.0
M29778,11,1220.0
M29778,12,1240.0
M29778,13,1230.0
M29778,14,1230.0
M29778,15,1220.0
M29778,16,1220.0
M29778,17,1240.0
M29778,18,1220.0
M29778,19,1220.0
M29778,20,1240.0
M29778,21,1250.0
M29778,22,1220.0
M29778,23,1250.0
M29778,24,1270.0
M29778,25,1280.0
M29778,26,1280.0
M29778,27,1280.0
M29778,28,1280.0
M29778,29,1270.0
M29778,30,1290.0
M29778,31,1290.0
M29778,32,1310.0
M29778,33,1310.0
M29778,34,1320.0
M29778,35,1320.0
M29778,36,1330.0
M29778,37,1330.0
M29778,38,1330.0
M29778,39,1310.0
M29778,40,1300.0
M29778,41,1290.0
M29778,42,1300.0
M29778,43,1320.0
M29778,44,1310.0
M29778,45,1310.0
M29778,46,1290.0
M29778,47,1280.0
M29778,48,1290.0
M29778,49,1260.0
M29778,50,1250.0
M29778,51,1250.0
M29778,52,1240.0
M29778,53,1250.0
M29778,54,1250.0
M29778,55,1280.0
M29778,56,1290.0
M29778,57,1290.0
M29778,58,1270.0
M29778,59,1270.0
M29778,60,1270.0
M29778,61,1240.0
M29778,62,1250.0
M29778,63,1260.0
M29778,64,1230.0
M29778,65,1230.0
M29778,66,1250.0
M29778,67,1250.0
M29778,68,1250.0
M29778,69,1260.0
M29778,70,1220.0
M29778,71,1200.0
M29778,72,1180.0
M29778,73,1200.0
M29778,74,1200.0
M29778,75,1180.0
M29778,76,1190.0
M29778,77,1190.0
M29778,78,1200.0
M29778,79,1180.0
M29778,80,1180.0
M29778,81,1180.0
M29778,82,1170.0
M29778,83,1170.0
M29778,84,1170.0
M29778,85,1160.0
M29778,86,1150.0
M29778,87,1150.0
M29778,88,1170.0
M29778,89,1160.0
M29778,90,1180.0
M29778,91,1120.0
M29778,92,1120.0
M29778,93,1130.0
M29778,94,1130.0
M29778,95,1140.0
M29778,96,1150.0
M29778,97,1150.0
M29778,98,1150.0
M29778,99,1160.0
M29778,100,1160.0
M29778,101,1160.0
M29778,102,1160.0
M29778,103,1130.0
M29778,104,1130.0
M29778,105,1130.0
M29778,106,1100.0
M29778,107,1120.0
M29778,108,1130.0
M29778,109,1160.0
M29778,110,1170.0
M29778,111,1190.0
M29778,112,1200.0
M29778,113,1210.0
M29778,114,1210.0
M29778,115,1180.0
M29778,116,1180.0
M29778,117,1180.0
M29778,118,1170.0
M29778,119,1170.0
M29778,120,1180.0
M29778,121,1180.0
M29778,122,1170.0
M29778,123,1170.0
M29778,124,1180.0
M29778,125,1180.0
M29778,126,1180.0
M29778,127,1160.0
M29778,128,1150.0
M29778,129,1160.0
M29778,130,1150.0
M29778,131,1160.0
M29778,132,1170.0
M29778,133,1170.0
M29778,134,1160.0
M29778,135,1160.0
M29778,136,1160.0
M29778,137,1160.0
M29778,138,1180.0
M29778,139,1180.0
M29778,140,1180.0
M29778,141,1190.0
M29778,142,1160.0
M29778,143,1160.0
M29778,144,1170.0
M29778,145,1160.0
M29778,146,1140.0
M29778,147,1140.0
M29778,148,1150.0
M29778,149,1150.0
M29778,150,1160.0
M29778,151,1100.0
M29778,152,1100.0
M29778,153,1100.0
M29778,154,1090.0
M29778,155,1080.0
M29778,156,1090.0
M29778,157,1090.0
M29778,158,1080.0
M29778,159,1070.0
M29778,160,1070.0
M29778,161,1060.0
M29778,162,1070.0
M29778,163,1060.0
M29778,164,1050.0
M29778,165,1050.0
M29778,166,1050.0
M29778,167,1050.0
M29778,168,1050.0
M29778,169,1040.0
M29778,170,1030.0
M29778,171,1030.0
M29778,172,1030.0
M29778,173,1030.0
M29778,174,1030.0
M29778,175,1020.0
M29778,176,1010.0
M29778,177,1010.0
M29778,178,1010.0
M29778,179,1010.0
M29778,180,1030.0
M29778,181,1020.0
M29778,182,1020.0
M29778,183,1020.0
M29778,184,1020.0
M29778,185,1030.0
M29778,186,1050.0
M29778,187,1070.0
M29778,188,1070.0
M29778,189,1070.0
M29778,190,1060.0
M29778,191,1060.0
M29778,192,1070.0
M29778,193,1080.0
M29778,194,1080.0
M29778,195,1080.0
M29778,196,1080.0
M29778,197,1080.0
M29778,198,1090.0
M29778,199,1070.0
M29778,200,1060.0
M29778,201,1070.0
M29778,202,1060.0
M29778,203,1060.0
M29778,204,1070.0
M29778,205,1060.0
M29778,206,1060.0
M29778,207,1050.0
M29778,208,1050.0
M29778,209,1050.0
M29778,210,1070.0
M29778,211,1050.0
M29778,212,1050.0
M29778,213,1060.0
M29778,214,1060.0
M29778,215,1060.0
M29778,216,1060.0
M29778,217,1060.0
M29778,218,1060.0
M29778,219,1050.0
M29778,220,1050.0
M29778,221,1050.0
M29778,222,1070.0
M29778,223,1050.0
M29778,224,1050.0
M29778,225,1050.0
M29778,226,1040.0
M29778,227,1050.0
M29778,228,1050.0
M29778,229,1050.0
M29778,230,1050.0
M29778,231,1040.0
M29778,232,1050.0
M29778,233,1060.0
M29778,234,1070.0
M29778,235,1050.0
M29778,236,1050.0
M29778,237,1050.0
M29778,238,1050.0
M29778,239,1050.0
M29778,240,1060.0
M30161,1,1789.0
M30161,2,1801.0
M30161,3,1800.0
M30161,4,1561.0
M30161,5,1572.0
M30161,6,1794.0
M30161,7,1787.0
M30161,8,1797.0
M30161,9,1816.0
M30161,10,1827.0
M30161,11,1838.0
M30161,12,1856.0
M30161,13,1866.0
M30161,14,1886.0
M30161,15,1897.0
M30161,16,1922.0
M30161,17,1953.0
M30161,18,1976.0
M30161,19,1985.0
M30161,20,1997.0
M30161,21,2025.0
M30161,22,2045.0
M30161,23,2062.0
M30161,24,2088.0
M30161,25,2108.0
M30161,26,2126.0
M30161,27,2132.0
M30161,28,2172.0
M30161,29,2190.0
M30161,30,2205.0
M30161,31,2177.0
M30161,32,2190.0
M30161,33,2199.0
M30161,34,2210.0
M30161,35,2216.0
M30161,36,2220.0
M30161,37,2209.0
M30161,38,2210.0
M30161,39,2206.0
M30161,40,2190.0
M30161,41,2192.0
M30161,42,2179.0
M30161,43,2128.0
M30161,44,2119.0
M30161,45,2100.0
M30161,46,2093.0
M30161,47,2075.0
M30161,48,2060.0
M30161,49,2027.0
M30161,50,2024.0
M30161,51,2003.0
M30161,52,1994.0
M30161,53,1992.0
M30161,54,1981.0
M30161,55,1960.0
M30161,56,1805.0
M30161,57,1954.0
M30161,58,1929.0
M30161,59,1924.0
M30161,60,1925.0
M30161,61,1908.0
M30161,62,1906.0
M30161,63,1897.0
M30161,64,1895.0
M30161,65,1890.0
M30161,66,1889.0
M30161,67,1866.0
M30161,68,1858.0
M30161,69,1856.0
M30161,70,1858.0
M30161,71,1856.0
M30161,72,1853.0
M30161,73,1847.0
M30161,74,1847.0
M30161,75,1833.0
M30161,76,1809.0
M30161,77,1786.0
M30161,78,1767.0
M30161,79,1717.0
M30161,80,1689.0
M30161,81,1680.0
M30161,82,1665.0
M30161,83,1665.0
M30161,84,1659.0
M30161,85,1638.0
M30161,86,1626.0
M30161,87,1603.0
M30161,88,1594.0
M30161,89,1581.0
M30161,90,1571.0
M30161,91,1538.0
M30161,92,1527.0
M30161,93,1518.0
M30161,94,1503.0
M30161,95,1499.0
M30161,96,1493.0
M30161,97,1487.0
M30161,98,1479.0
M30161,99,1470.0
M30161,100,1463.0
M30161,101,1455.0
M30161,102,1452.0
M30161,103,1441.0
M30161,104,1438.0
M30161,105,1443.0
M30161,106,1443.0
M30161,107,1445.0
M30161,108,1447.0
M30161,109,1459.0
M30161,110,1459.0
M30161,111,1459.0
M30161,112,1468.0
M30161,113,1471.0
M30161,114,1478.0
M30161,115,1476.0
M30161,116,1480.0
M30161,117,1495.0
M30161,118,1504.0
M30161,119,1512.0
M30161,120,1528.0
M30161,121,1547.0
M30161,122,1550.0
M30161,123,1408.0
M30161,124,1556.0
M30161,125,1562.0
M30161,126,1569.0
M30161,127,1576.0
M30161,128,1588.0
M30161,129,1584.0
M30161,130,1585.0
M30161,131,1594.0
M30161,132,1609.0
M30161,133,1616.0
M30161,134,1618.0
M30161,135,1626.0
M30161,136,1625.0
M30161,137,1635.0
M30161,138,1639.0
M30161,139,1634.0
M30161,140,1655.0
M30161,141,1645.0
M30161,142,1640.0
M30161,143,1651.0
M30161,144,1670.0
M30161,145,1686.0
M30161,146,1687.0
M30161,147,1693.0
M30161,148,1690.0
M30161,149,1702.0
M30161,150,1693.0
M30161,151,1692.0
M30161,152,1709.0
M30161,153,1696.0
M30161,154,1688.0
M30161,155,1697.0
M30161,156,1701.0
M30161,157,1706.0
M30161,158,1712.0
M30161,159,1698.0
M30161,160,1462.0
M30161,161,1674.0
M30161,162,1659.0
M30161,163,1631.0
M30161,164,1630.0
M30161,165,1588.0
M30161,166,1568.0
M30161,167,1556.0
M30161,168,1553.0
M30161,169,1546.0
M30161,170,1543.0
M30161,171,1531.0
M30161,172,1516.0
M30161,173,1511.0
M30161,174,1503.0
M30161,175,1500.0
M30161,176,1497.0
M30161,177,1494.0
M30161,178,1493.0
M30161,179,1489.0
M30161,180,1503.0
M30161,181,1513.0
M30161,182,1513.0
M30161,183,1517.0
M30161,184,1515.0
M30161,185,1521.0
M30161,186,1523.0
M30161,187,1523.0
M30161,188,1536.0
M30161,189,1543.0
M30161,190,1555.0
M30161,191,1560.0
M30161,192,1579.0
M30161,193,1603.0
M30161,194,1611.0
M30161,195,1624.0
M30161,196,1622.0
M30161,197,1629.0
M30161,198,1634.0
M30161,199,1634.0
M30161,200,1635.0
M30161,201,1645.0
M30161,202,1646.0
M30161,203,1655.0
M30161,204,1678.0
M30161,205,1688.0
M30161,206,1698.0
M30161,207,1701.0
M30161,208,1694.0
M30161,209,1701.0
M30161,210,1696.0
M30161,211,1697.0
M30161,212,1699.0
M30161,213,1704.0
M30161,214,1697.0
M30161,215,1699.0
M30161,216,1715.0
M30161,217,1717.0
M30161,218,1719.0
M30161,219,1715.0
M30161,220,1703.0
M30161,221,1700.0
M30161,222,1705.0
M30161,223,1691.0
M30161,224,1693.0
M30161,225,1691.0
M30161,226,1690.0
M30161,227,1695.0
M30161,228,1705.0
M30161,229,1722.0
M30161,230,1720.0
M30161,231,1712.0
M30161,232,1705.0
M30161,233,1703.0
M30161,234,1705.0
M30161,235,1703.0
M30161,236,1702.0
M30161,237,1710.0
M30161,238,1700.0
M30161,239,1703.0
M30161,240,1714.0
M30215,1,1055.0
M30215,2,1024.0
M30215,3,1025.0
M30215,4,999.0
M30215,5,977.0
M30215,6,999.0
M30215,7,1023.0
M30215,8,1015.0
M30215,9,1070.0
M30215,10,1121.0
M30215,11,1157.0
M30215,12,1128.0
M30215,13,1109.0
M30215,14,1084.0
M30215,15,1100.0
M30215,16,1106.0
M30215,17,1156.0
M30215,18,1161.0
M30215,19,1149.0
M30215,20,1118.0
M30215,21,1074.0
M30215,22,1070.0
M30215,23,1095.0
M30215,24,1112.0
M30215,25,1088.0
M30215,26,1141.0
M30215,27,1118.0
M30215,28,1075.0
M30215,29,1057.0
M30215,30,1024.0
M30215,31,974.0
M30215,32,978.0
M30215,33,965.0
M30215,34,978.0
M30215,35,1024.0
M30215,36,1016.0
M30215,37,1012.0
M30215,38,978.0
M30215,39,965.0
M30215,40,969.0
M30215,41,947.0
M30215,42,890.0
M30215,43,895.0
M30215,44,879.0
M30215,45,929.0
M30215,46,1038.0
M30215,47,1050.0
M30215,48,1039.0
M30215,49,1084.0
M30215,50,1115.0
M30215,51,1161.0
M30215,52,1128.0
M30215,53,1141.0
M30215,54,1167.0
M30215,55,1189.0
M30215,56,1270.0
M30215,57,1363.0
M30215,58,1271.0
M30215,59,1339.0
M30215,60,1613.0
M30215,61,1387.0
M30215,62,1236.0
M30215,63,1393.0
M30215,64,1344.0
M30215,65,1367.0
M30215,66,1289.0
M30215,67,1342.0
M30215,68,1330.0
M30215,69,1251.0
M30215,70,1416.0
M30215,71,1601.0
M30215,72,1475.0
M30215,73,1209.0
M30215,74,1289.0
M30215,75,1497.0
M30215,76,1183.0
M30215,77,1072.0
M30215,78,1033.0
M30215,79,1052.0
M30215,80,1035.0
M30215,81,1151.0
M30215,82,1270.0
M30215,83,1267.0
M30215,84,1259.0
M30215,85,1279.0
M30215,86,1271.0
M30215,87,1278.0
M30215,88,1327.0
M30215,89,1293.0
M30215,90,1201.0
M30215,91,1314.0
M30215,92,1467.0
M30215,93,1505.0
M30215,94,1362.0
M30215,95,1316.0
M30215,96,1374.0
M30215,97,1350.0
M30215,98,1457.0
M30215,99,1490.0
M30215,100,1402.0
M30215,101,1353.0
M30215,102,1303.0
M30215,103,1439.0
M30215,104,1483.0
M30215,105,1518.0
M30215,106,1590.0
M30215,107,1754.0
M30215,108,1712.0
M30215,109,1663.0
M30215,110,1651.0
M30215,111,1627.0
M30215,112,1768.0
M30215,113,1708.0
M30215,114,1607.0
M30215,115,1610.0
M30215,116,1691.0
M30215,117,1797.0
M30215,118,1942.0
M30215,119,1858.0
M30215,120,1881.0
M30215,121,1991.0
M30215,122,2153.0
M30215,123,2480.0
M30215,124,2319.0
M30215,125,1955.0
M30215,126,1917.0
M30215,127,2032.0
M30215,128,1982.0
M30215,129,2123.0
M30215,130,2370.0
M30215,131,2451.0
M30215,132,2460.0
M30215,133,2586.0
M30215,134,2566.0
M30215,135,2126.0
M30215,136,1918.0
M30215,137,1952.0
M30215,138,1996.0
M30215,139,1880.37
M30215,140,1994.77
M30215,141,2182.79
M30215,142,2394.3
M30215,143,2744.32
M30215,144,2674.49
M30215,145,2608.25
M30215,146,2456.79
M30215,147,2542.89
M30215,148,2411.07
M30215,149,2639.8
M30215,150,2553.25
M30215,151,2609.82
M30215,152,2598.81
M30215,153,2756.81
M30215,154,2927.71
M30215,155,3220.74
M30215,156,3400.32
M30215,157,3427.94
M30215,158,3199.99
M30215,159,3191.1
M30215,160,2627.1
M30215,161,1814.85
M30215,162,1508.32
M30215,163,1678.39
M30215,164,1706.37
M30215,165,1740.84
M30215,166,1810.67
M30215,167,2031.74
M30215,168,2364.68
M30215,169,2183.15
M30215,170,2265.53
M30215,171,2164.69
M30215,172,2189.01
M30215,173,2295.87
M30215,174,2239.58
M30215,175,2362.21
M30215,176,2252.46
M30215,177,2379.8
M30215,178,2475.91
M30215,179,2479.37
M30215,180,2361.26
M30215,181,2376.8
M30215,182,2373.6
M30215,183,2398.22
M30215,184,2438.61
M30215,185,2474.5
M30215,186,2573.06
M30215,187,2678.44
M30215,188,2724.68
M30215,189,3002.73
M30215,190,3276.77
M30215,191,3438.76
M30215,192,3236.22
M30215,193,3184.2
M30215,194,3146.01
M30215,195,3123.87
M30215,196,2897.82
M30215,197,2889.29
M30215,198,2796.01
M30215,199,2910.8
M30215,200,2968.17
M30215,201,3304.78
M30215,202,3336.7
M30215,203,3223.89
M30215,204,3098.41
M30215,205,3020.06
M30215,206,3299.13
M30215,207,3378.88
M30215,208,3176.39
M30215,209,2957.56
M30215,210,2863.65
M30215,211,2824.22
M30215,212,3198.69
M30215,213,3221.12
M30215,214,3149.67
M30215,215,3321.53
M30215,216,3351.25
M30215,217,3170.7
M30215,218,3167.69
M30215,219,3140.67
M30215,220,2952.91
M30215,221,2838.21
M30215,222,2810.62
M30215,223,2903.11
M30215,224,2955.42
M30215,225,3172.3
M30215,226,3225.46
M30215,227,3225.55
M30215,228,3307.8
M30215,229,3165.18
M30215,230,3055.73
M30215,231,3040.77
M30215,232,2839.04
M30215,233,2629.77
M30215,234,2297.51
M30215,235,1902.4
M30215,236,2089.43
M30215,237,2241.0
M30215,238,2257.36
M30215,239,2422.6
M30215,240,2563.92
M30945,1,3190.0
M30945,2,3168.0
M30945,3,2825.0
M30945,4,3386.0
M30945,5,3124.0
M30945,6,2898.0
M30945,7,2905.0
M30945,8,2874.0
M30945,9,2925.0
M30945,10,3056.0
M30945,11,3214.0
M30945,12,2892.0
M30945,13,3171.0
M30945,14,3178.0
M30945,15,2945.0
M30945,16,3298.0
M30945,17,3061.0
M30945,18,3290.0
M30945,19,2842.0
M30945,20,2616.0
M30945,21,2780.0
M30945,22,3190.0
M30945,23,2987.0
M30945,24,3423.0
M30945,25,3409.0
M30945,26,3250.0
M30945,27,3429.0
M30945,28,3655.0
M30945,29,3252.0
M30945,30,3865.0
M30945,31,3248.0
M30945,32,3049.0
M30945,33,3698.0
M30945,34,3601.0
M30945,35,3483.0
M30945,36,3970.0
M30945,37,4074.0
M30945,38,3717.0
M30945,39,3857.0
M30945,40,4042.0
M30945,41,3917.0
M30945,42,3675.0
M30945,43,3283.0
M30945,44,3207.0
M30945,45,4219.0
M30945,46,3700.0
M30945,47,3741.0
M30945,48,3987.0
M30945,49,3816.0
M30945,50,4103.0
M30945,51,4196.0
M30945,52,5239.0
M30945,53,4245.0
M30945,54,4066.0
M30945,55,3781.0
M30945,56,3739.0
M30945,57,4590.0
M30945,58,3700.0
M30945,59,4816.0
M30945,60,5153.0
M30945,61,4654.0
M30945,62,4893.0
M30945,63,4487.0
M30945,64,5235.0
M30945,65,5143.0
M30945,66,4285.0
M30945,67,4021.0
M30945,68,3651.0
M30945,69,4293.0
M30945,70,4135.0
M30945,71,4345.0
M30945,72,4350.0
M30945,73,4282.0
M30945,74,4681.0
M30945,75,4329.0
M30945,76,5112.0
M30945,77,4733.0
M30945,78,4286.0
M30945,79,3967.0
M30945,80,4179.0
M30945,81,4293.0
M30945,82,4499.0
M30945,83,4609.0
M30945,84,4683.0
M30945,85,5543.0
M30945,86,5225.0
M30945,87,4957.0
M30945,88,5071.0
M30945,89,5341.0
M30945,90,6090.0
M30945,91,4369.0
M30945,92,4462.0
M30945,93,4637.0
M30945,94,4950.0
M30945,95,4657.0
M30945,96,5335.0
M30945,97,4950.0
M30945,98,5081.0
M30945,99,5208.0
M30945,100,5456.0
M30945,101,4851.0
M30945,102,5211.0
M30945,103,4399.0
M30945,104,4077.0
M30945,105,5182.0
M30945,106,4755.0
M30945,107,5141.0
M30945,108,6032.0
M30945,109,6014.0
M30945,110,5415.0
M30945,111,5785.0
M30945,112,5677.0
M30945,113,6009.0
M30945,114,5745.0
M30945,115,4905.0
M30945,116,4697.0
M30945,117,5635.0
M30945,118,5495.0
M30945,119,5771.0
M30945,120,5909.0
M30945,121,5771.0
M30945,122,5906.0
M30945,123,6025.0
M30945,124,5834.0
M30945,125,6832.0
M30945,126,6133.0
M30945,127,5560.0
M30945,128,5042.0
M30945,129,6274.0
M30945,130,6108.0
M30945,131,6440.0
M30945,132,6541.0
M30945,133,5837.0
M30945,134,6374.0
M30945,135,6375.0
M30945,136,6952.0
M30945,137,6883.0
M30945,138,6519.0
M30945,139,6091.0
M30945,140,5676.0
M30945,141,6441.0
M30945,142,6190.0
M30945,143,6740.0
M30945,144,6641.0
M30945,145,6158.0
M30945,146,6977.0
M30945,147,6647.0
M30945,148,7120.0
M30945,149,7551.0
M30945,150,6816.0
M30945,151,6484.0
M30945,152,6621.0
M30945,153,7133.0
M30945,154,6964.0
M30945,155,7099.0
M30945,156,7932.0
M30945,157,7551.0
M30945,158,7427.0
M30945,159,7472.0
M30945,160,8075.0
M30945,161,7833.0
M30945,162,7436.0
M30945,163,6118.0
M30945,164,5247.0
M30945,165,6613.0
M30945,166,5984.0
M30945,167,5531.0
M30945,168,6293.0
M30945,169,6452.0
M30945,170,5826.0
M30945,171,6885.0
M30945,172,6881.0
M30945,173,7646.0
M30945,174,7003.0
M30945,175,5786.0
M30945,176,5893.0
M30945,177,7197.0
M30945,178,6542.0
M30945,179,7006.0
M30945,180,7201.0
M30945,181,7230.0
M30945,182,6963.0
M30945,183,7061.0
M30945,184,6964.0
M30945,185,7527.0
M30945,186,6875.0
M30945,187,5820.0
M30945,188,5776.0
M30945,189,6917.0
M30945,190,5973.0
M30945,191,6555.0
M30945,192,6891.0
M30945,193,8079.0
M30945,194,7434.0
M30945,195,7292.0
M30945,196,7874.0
M30945,197,7694.0
M30945,198,7455.0
M30945,199,7169.0
M30945,200,6759.0
M30945,201,8619.0
M30945,202,7482.0
M30945,203,8166.0
M30945,204,8399.0
M30945,205,7999.0
M30945,206,8313.0
M30945,207,7284.0
M30945,208,8805.0
M30945,209,9290.0
M30945,210,7402.0
M30945,211,7262.0
M30945,212,6650.0
M30945,213,6974.0
M30945,214,7099.0
M30945,215,7527.0
M30945,216,7401.0
M30945,217,8312.0
M30945,218,8252.0
M30945,219,7965.0
M30945,220,8185.0
M30945,221,8279.0
M30945,222,7761.0
M30945,223,7711.0
M30945,224,7417.0
M30945,225,7408.0
M30945,226,7372.0
M30945,227,7746.0
M30945,228,7668.0
M30945,229,8128.0
M30945,230,7215.0
M30945,231,8477.0
M30945,232,8319.0
M30945,233,8877.0
M30945,234,8622.0
M30945,235,7729.0
M30945,236,7153.0
M30945,237,8270.0
M30945,238,9595.0
M30945,239,8208.0
M30945,240,8835.0
M30952,1,1403.4
M30952,2,1155.3
M30952,3,1595.7
M30952,4,1678.3
M30952,5,1825.8
M30952,6,2782.2
M30952,7,2793.3
M30952,8,1558.2
M30952,9,1468.0
M30952,10,2060.0
M30952,11,1721.8
M30952,12,1900.8
M30952,13,1237.0
M30952,14,1768.5
M30952,15,1522.5
M30952,16,2102.7
M30952,17,1934.2
M30952,18,2380.5
M30952,19,2080.7
M30952,20,2670.1
M30952,21,2207.9
M30952,22,2009.1
M30952,23,1996.2
M30952,24,2048.6
M30952,25,2979.3
M30952,26,1363.0
M30952,27,1535.1
M30952,28,2524.9
M30952,29,1629.6
M30952,30,2486.5
M30952,31,2398.4
M30952,32,1939.8
M30952,33,2310.1
M30952,34,1879.0
M30952,35,1966.1
M30952,36,1993.8
M30952,37,1212.2
M30952,38,1787.5
M30952,39,2425.5
M30952,40,2284.9
M30952,41,2358.4
M30952,42,2874.6
M30952,43,2594.3
M30952,44,2539.3
M30952,45,1718.4
M30952,46,1951.6
M30952,47,2053.3
M30952,48,2129.4
M30952,49,1651.1
M30952,50,1786.8
M30952,51,2460.7
M30952,52,3118.0
M30952,53,2747.4
M30952,54,2680.8
M30952,55,2354.8
M30952,56,2350.3
M30952,57,2179.9
M30952,58,2004.2
M30952,59,2036.8
M30952,60,1653.5
M30952,61,1453.6
M30952,62,1970.3
M30952,63,1591.0
M30952,64,1139.9
M30952,65,1884.2
M30952,66,1584.8
M30952,67,1492.8
M30952,68,1459.5
M30952,69,1502.8
M30952,70,1170.5
M30952,71,909.3
M30952,72,2042.0
M30952,73,661.6
M30952,74,736.6
M30952,75,706.9
M30952,76,469.4
M30952,77,1440.9
M30952,78,1719.8
M30952,79,2343.0
M30952,80,1401.5
M30952,81,2094.0
M30952,82,1492.1
M30952,83,2047.4
M30952,84,1688.3
M30952,85,1245.2
M30952,86,640.1
M30952,87,1067.6
M30952,88,1053.8
M30952,89,1007.4
M30952,90,2139.2
M30952,91,1074.6
M30952,92,982.7
M30952,93,1273.9
M30952,94,1512.9
M30952,95,1162.1
M30952,96,865.4
M30952,97,864.7
M30952,98,687.6
M30952,99,750.3
M30952,100,846.6
M30952,101,1061.4
M30952,102,1800.0
M30952,103,1614.3
M30952,104,745.7
M30952,105,1287.0
M30952,106,699.8
M30952,107,732.0
M30952,108,1174.3
M30952,109,747.6
M30952,110,1362.9
M30952,111,1440.2
M30952,112,1425.6
M30952,113,1665.4
M30952,114,2992.3
M30952,115,1193.9
M30952,116,1180.0
M30952,117,981.8
M30952,118,1539.4
M30952,119,1547.5
M30952,120,1555.7
M30952,121,856.4
M30952,122,733.4
M30952,123,1098.5
M30952,124,841.7
M30952,125,1805.6
M30952,126,3158.0
M30952,127,1382.9
M30952,128,1432.7
M30952,129,1370.0
M30952,130,1105.4
M30952,131,1305.4
M30952,132,1737.3
M30952,133,1028.5
M30952,134,1778.6
M30952,135,1743.7
M30952,136,1292.7
M30952,137,1797.4
M30952,138,2702.4
M30952,139,1608.7
M30952,140,1649.1
M30952,141,1977.7
M30952,142,1772.9
M30952,143,1400.8
M30952,144,1975.6
M30952,145,1908.1
M30952,146,1568.9
M30952,147,1426.6
M30952,148,2165.0
M30952,149,1815.2
M30952,150,2325.2
M30952,151,1846.5
M30952,152,1476.4
M30952,153,2036.2
M30952,154,2386.6
M30952,155,1473.0
M30952,156,2194.0
M30952,157,1852.6
M30952,158,1666.6
M30952,159,2856.9
M30952,160,2213.4
M30952,161,2444.6
M30952,162,3321.2
M30952,163,2204.7
M30952,164,1485.9
M30952,165,1842.0
M30952,166,1860.6
M30952,167,1895.8
M30952,168,2127.7
M30952,169,1181.0
M30952,170,1525.6
M30952,171,1913.5
M30952,172,1590.2
M30952,173,1858.7
M30952,174,3743.8
M30952,175,3012.6
M30952,176,2599.1
M30952,177,2232.5
M30952,178,1643.2
M30952,179,3200.4
M30952,180,2065.0
M30952,181,1047.8
M30952,182,934.3
M30952,183,776.1
M30952,184,527.2
M30952,185,842.6
M30952,186,1744.7
M30952,187,404.5
M30952,188,554.6
M30952,189,720.0
M30952,190,1055.1
M30952,191,935.8
M30952,192,953.5
M30952,193,602.7
M30952,194,536.7
M30952,195,584.2
M30952,196,636.9
M30952,197,844.7
M30952,198,1444.1
M30952,199,1383.7
M30952,200,1268.7
M30952,201,748.7
M30952,202,1147.2
M30952,203,1157.4
M30952,204,841.3
M30952,205,655.6
M30952,206,770.5
M30952,207,903.4
M30952,208,894.1
M30952,209,1287.1
M30952,210,1344.6
M30952,211,1068.7
M30952,212,975.4
M30952,213,1020.5
M30952,214,839.1
M30952,215,842.6
M30952,216,813.2
M30952,217,498.4
M30952,218,807.1
M30952,219,868.5
M30952,220,572.9
M30952,221,1100.4
M30952,222,831.0
M30952,223,757.2
M30952,224,881.6
M30952,225,1204.4
M30952,226,869.3
M30952,227,857.0
M30952,228,935.5
M30952,229,329.3
M30952,230,700.6
M30952,231,1403.9
M30952,232,762.8
M30952,233,1297.6
M30952,234,1176.3
M30952,235,1060.0
M30952,236,689.8
M30952,237,1580.8
M30952,238,1558.7
M30952,239,608.6
M30952,240,658.1
M34191,1,1376.867
M34191,2,1356.202
M34191,3,1600.734
M34191,4,1447.877
M34191,5,1889.371
M34191,6,1821.86
M34191,7,1793.712
M34191,8,1947.615
M34191,9,1593.918
M34191,10,1545.61
M34191,11,1193.301
M34191,12,1687.431
M34191,13,1730.498
M34191,14,1394.448
M34191,15,1275.805
M34191,16,1406.138
M34191,17,1507.275
M34191,18,1627.763
M34191,19,1977.958
M34191,20,1953.107
M34191,21,1583.52
M34191,22,1693.458
M34191,23,1421.999
M34191,24,1296.381
M34191,25,1454.869
M34191,26,1689.377
M34191,27,1803.095
M34191,28,1541.478
M34191,29,1317.342
M34191,30,1652.928
M34191,31,1830.576
M34191,32,2020.55
M34191,33,1534.505
M34191,34,1549.223
M34191,35,1355.587
M34191,36,1493.082
M34191,37,1234.681
M34191,38,1770.238
M34191,39,1783.619
M34191,40,1655.906
M34191,41,1427.682
M34191,42,1473.419
M34191,43,1731.733
M34191,44,1761.866
M34191,45,1745.202
M34191,46,1571.849
M34191,47,1432.077
M34191,48,2026.692
M34191,49,1741.52
M34191,50,1700.1248
M34191,51,1642.8036
M34191,52,1353.7374
M34191,53,1409.6436
M34191,54,1816.4608
M34191,55,1978.5568
M34191,56,1701.7088
M34191,57,1387.302
M34191,58,1178.3324
M34191,59,652.12812
M34191,60,1143.0848
M34191,61,1224.875
M34191,62,1355.517
M34191,63,1391.963
M34191,64,1932.286
M34191,65,1821.596
M34191,66,2003.091
M34191,67,2064.493
M34191,68,2178.728
M34191,69,1442.566
M34191,70,1611.984
M34191,71,1687.4
M34191,72,1799.072
M34191,73,1676.541
M34191,74,1821.085
M34191,75,1192.541
M34191,76,1110.138
M34191,77,1545.918
M34191,78,1725.874
M34191,79,1926.857
M34191,80,2104.335
M34191,81,1597.425
M34191,82,2291.017
M34191,83,1751.253
M34191,84,1620.165
M34191,85,1794.4
M34191,86,1723.517
M34191,87,1828.719
M34191,88,1909.103
M34191,89,1397.663
M34191,90,1820.728
M34191,91,2063.201
M34191,92,2086.193
M34191,93,1356.271
M34191,94,1511.757
M34191,95,1287.781
M34191,96,1275.338
M34191,97,1202.141
M34191,98,832.381
M34191,99,702.513
M34191,100,595.676
M34191,101,728.638
M34191,102,913.479
M34191,103,1092.439
M34191,104,1238.435
M34191,105,505.235
M34191,106,1043.807
M34191,107,647.956
M34191,108,1485.048
M34191,109,2040.948
M34191,110,1889.167
M34191,111,1530.154
M34191,112,1299.453
M34191,113,1493.171
M34191,114,1518.634
M34191,115,1654.206
M34191,116,1688.864
M34191,117,1163.983
M34191,118,1495.454
M34191,119,1505.991
M34191,120,1718.688
M34191,121,1666.096
M34191,122,1437.137
M34191,123,1444.745
M34191,124,1059.705
M34191,125,1393.633
M34191,126,1667.955
M34191,127,1778.478
M34191,128,1701.52
M34191,129,1184.707
M34191,130,1177.193
M34191,131,586.154
M34191,132,1129.708
M34191,133,813.426
M34191,134,798.557
M34191,135,711.921
M34191,136,733.435
M34191,137,1163.634
M34191,138,985.147
M34191,139,1686.556
M34191,140,999.93
M34191,141,554.093
M34191,142,1060.987
M34191,143,1172.856
M34191,144,606.638
M34191,145,705.938
M34191,146,589.93
M34191,147,421.372
M34191,148,512.676
M34191,149,743.361
M34191,150,835.188
M34191,151,913.086
M34191,152,613.072
M34191,153,196.156
M34191,154,285.483
M34191,155,337.291
M34191,156,236.375
M34191,157,564.419
M34191,158,444.136
M34191,159,188.44
M34191,160,325.704
M34191,161,369.724
M34191,162,573.231
M34191,163,784.653
M34191,164,724.249
M34191,165,359.234
M34191,166,806.073
M34191,167,917.687
M34191,168,463.001
M34191,169,441.242
M34191,170,568.566
M34191,171,546.336
M34191,172,294.768
M34191,173,364.788
M34191,174,601.704
M34191,175,720.457
M34210,1,152.0
M34210,2,790.0
M34210,3,670.0
M34210,4,550.0
M34210,5,3245.0
M34210,6,2435.0
M34210,7,1921.0
M34210,8,2395.0
M34210,9,1169.0
M34210,10,2203.0
M34210,11,2409.0
M34210,12,186.0
M34210,13,1734.0
M34210,14,442.0
M34210,15,2766.0
M34210,16,1149.0
M34210,17,1372.0
M34210,18,1018.0
M34210,19,682.0
M34210,20,818.0
M34210,21,1348.0
M34210,22,1424.0
M34210,23,1557.0
M34210,24,181.0
M34210,25,1171.0
M34210,26,913.0
M34210,27,918.0
M34210,28,1769.0
M34210,29,1205.0
M34210,30,1533.0
M34210,31,1292.0
M34210,32,750.0
M34210,33,1670.0
M34210,34,2074.0
M34210,35,863.0
M34210,36,460.0
M34210,37,1299.0
M34210,38,1180.0
M34210,39,2852.0
M34210,40,1285.0
M34210,41,1044.0
M34210,42,1387.0
M34210,43,346.0
M34210,44,977.0
M34210,45,474.0
M34210,46,738.0
M34210,47,1340.0
M34210,48,1181.0
M34210,49,1412.0
M34210,50,2844.0
M34210,51,627.0
M34210,52,4727.0
M34210,53,140.0
M34210,54,842.0
M34210,55,474.0
M34210,56,978.0
M34210,57,820.0
M34210,58,617.0
M34210,59,1768.0
M34210,60,809.0
M34210,61,1804.0
M34210,62,761.0
M34210,63,1010.0
M34210,64,1288.0
M34210,65,185.0
M34210,66,619.0
M34210,67,1289.0
M34210,68,1854.0
M34210,69,2172.0
M34210,70,1146.0
M34210,71,1619.0
M34210,72,798.0
M34210,73,1433.0
M34210,74,374.0
M34210,75,756.0
M34210,76,277.0
M34210,77,4019.0
M34210,78,577.0
M34210,79,1646.0
M34210,80,1242.0
M34210,81,854.0
M34210,82,596.0
M34210,83,184.0
M34210,84,4398.0
M34210,85,3209.0
M34210,86,581.0
M34210,87,345.0
M34210,88,740.0
M34210,89,1914.0
M34210,90,1176.0
M34210,91,229.0
M34210,92,267.0
M34210,93,1278.0
M34210,94,326.0
M34210,95,558.0
M34210,96,163.0
M34210,97,277.0
M34210,98,1424.0
M34210,99,2282.0
M34210,100,946.0
M34210,101,1246.0
M34210,102,1085.0
M34210,103,611.0
M34210,104,1610.0
M34210,105,428.0
M34210,106,400.0
M34210,107,1687.0
M34210,108,2806.0
M34210,109,1528.0
M34210,110,1501.0
M34210,111,1171.0
M34210,112,1215.0
M34210,113,275.0
M34210,114,316.0
M34210,115,987.0
M34210,116,1168.0
M34210,117,323.0
M34210,118,1219.0
M34210,119,516.0
M34210,120,108.0
M34210,121,1122.0
M34210,122,124.0
M34210,123,508.0
M34210,124,204.0
M34210,125,813.0
M34210,126,563.0
M34210,127,1432.0
M34210,128,99.0
M34210,129,185.0
M34210,130,921.0
M34210,131,1281.0
M34210,132,3174.0
M34210,133,1605.0
M34210,134,954.0
M34210,135,1101.0
M34210,136,1596.0
M34210,137,843.0
M34210,138,2374.0
M34210,139,895.0
M34210,140,1361.0
M34210,141,73.0
M34210,142,1861.0
M34210,143,997.0
M34210,144,1339.0
M34210,145,700.0
M34210,146,507.0
M34210,147,822.0
M34210,148,1113.0
M34210,149,1719.0
M34210,150,177.0
M34210,151,1358.0
M36046,1,3627.0
M36046,2,3533.0
M36046,3,3301.0
M36046,4,3283.0
M36046,5,3078.0
M36046,6,3308.0
M36046,7,3620.0
M36046,8,3581.0
M36046,9,3866.0
M36046,10,3559.0
M36046,11,3036.0
M36046,12,3008.0
M36046,13,3393.0
M36046,14,3355.0
M36046,15,3322.0
M36046,16,3360.0
M36046,17,3292.0
M36046,18,3256.0
M36046,19,3185.0
M36046,20,3302.0
M36046,21,3349.0
M36046,22,3374.0
M36046,23,3424.0
M36046,24,3483.0
M36046,25,3297.0
M36046,26,3356.0
M36046,27,3082.0
M36046,28,3129.0
M36046,29,3157.0
M36046,30,3240.0
M36046,31,3178.0
M36046,32,3149.0
M36046,33,3100.0
M36046,34,3034.0
M36046,35,3119.0
M36046,36,2991.0
M36046,37,3011.0
M36046,38,2989.0
M36046,39,3036.0
M36046,40,2978.0
M36046,41,3012.0
M36046,42,2953.0
M36046,43,3139.0
M36046,44,3105.0
M36046,45,3150.0
M36046,46,3281.0
M36046,47,3389.0
M36046,48,3202.0
M36046,49,3053.0
M36046,50,3077.0
M36046,51,3099.0
M36046,52,3106.0
M36046,53,3090.0
M36046,54,3101.0
M36046,55,3167.0
M36046,56,2668.0
M36046,57,2696.0
M36046,58,2805.0
M36046,59,2893.0
M36046,60,2810.0
M36046,61,2710.0
M36046,62,2733.0
M36046,63,2693.0
M36046,64,2698.0
M36046,65,2799.0
M36046,66,2721.0
M36046,67,2680.0
M36046,68,2822.0
M36046,69,2837.0
M36046,70,2848.0
M36046,71,2868.0
M36046,72,2867.0
M36046,73,2772.0
M36046,74,2676.0
M36046,75,2790.0
M36046,76,2807.0
M36046,77,2843.0
M36046,78,2955.0
M36046,79,2843.0
M36046,80,2978.0
M36046,81,3047.0
M36046,82,3218.0
M36046,83,3303.0
M36046,84,3040.0
M36046,85,3038.0
M36046,86,3001.0
M36046,87,3076.0
M36046,88,3090.0
M36046,89,3019.0
M36046,90,2926.0
M36046,91,2999.0
M36046,92,3041.0
M36046,93,2856.0
M36046,94,2915.0
M36046,95,3026.0
M36046,96,2832.0
M36046,97,2816.0
M36046,98,2724.0
M36046,99,2811.0
M36046,100,2739.0
M36046,101,2692.0
M36046,102,2768.0
M36046,103,2711.0
M36046,104,2700.0
M36046,105,2787.0
M36046,106,3077.0
M36046,107,3131.0
M36046,108,2975.0
M36046,109,2962.0
M36046,110,3060.0
M36046,111,3072.0
M36046,112,3137.0
M36046,113,3088.0
M36046,114,3181.0
M36046,115,3202.0
M36046,116,3381.0
M36046,117,3306.0
M36046,118,3337.0
M36046,119,3350.0
M36046,120,3317.0
M36046,121,3384.0
M36046,122,3428.0
M36046,123,3435.0
M36046,124,3434.0
M36046,125,3384.0
M36046,126,3394.0
M36046,127,3445.0
M36046,128,3666.0
M36046,129,4016.0
M36046,130,4167.0
M36046,131,4272.0
M36046,132,4090.0
M36046,133,4295.0
M36046,134,4228.0
M36046,135,4037.0
M36046,136,4206.0
M36046,137,4139.0
M36046,138,4133.0
M36046,139,4291.0
M36046,140,4818.0
M36046,141,5082.0
M36046,142,5699.0
M36046,143,5417.0
M36046,144,5687.0
M36046,145,5554.0
M36046,146,5872.0
M36046,147,5851.0
M36046,148,6008.0
M36046,149,6396.0
M36046,150,6308.0
M36046,151,6082.0
M36046,152,6234.0
M36046,153,6349.0
M36046,154,6447.0
M36046,155,6407.0
M36046,156,6747.0
M36046,157,6405.0
M36046,158,6637.0
M36046,159,6771.0
M36046,160,6749.0
M36046,161,6802.0
M36046,162,7175.0
M36046,163,7250.0
M36046,164,7433.0
M36046,165,7412.0
M36046,166,7591.0
M36046,167,7555.0
M36046,168,7691.0
M36046,169,7715.0
M36046,170,7655.0
M36046,171,7835.0
M36046,172,7787.0
M36046,173,8081.0
M36046,174,9009.0
M36046,175,9183.0
M36046,176,9133.0
M36046,177,9151.0
M36046,178,9431.0
M36046,179,9176.0
M36046,180,9117.0
M36046,181,9260.0
M36046,182,9388.0
M36046,183,9588.0
M36046,184,9571.0
M36046,185,9594.0
M36046,186,9440.0
M36046,187,9846.0
M36046,188,9680.0
M36046,189,9580.0
M36046,190,9468.0
M36046,191,9489.0
M36046,192,10046.0
M36046,193,10138.0
M36046,194,9949.0
M36046,195,10114.0
M36046,196,10070.0
M36046,197,10242.0
M36046,198,10542.0
M36046,199,10686.0
M36046,200,10711.0
M36046,201,10815.0
M36046,202,10768.0
M36046,203,10922.0
M37993,1,1359.0
M37993,2,1356.0
M37993,3,1358.0
M37993,4,1337.0
M37993,5,1348.0
M37993,6,1349.0
M37993,7,1312.0
M37993,8,1326.0
M37993,9,1342.0
M37993,10,1354.0
M37993,11,1377.0
M37993,12,1367.0
M37993,13,1362.0
M37993,14,1365.0
M37993,15,1363.0
M37993,16,1354.0
M37993,17,1354.0
M37993,18,1364.0
M37993,19,1338.0
M37993,20,1357.0
M37993,21,1374.0
M37993,22,1381.0
M37993,23,1405.0
M37993,24,1406.0
M37993,25,1399.0
M37993,26,1410.0
M37993,27,1404.0
M37993,28,1401.0
M37993,29,1397.0
M37993,30,1407.0
M37993,31,1392.0
M37993,32,1396.0
M37993,33,1407.0
M37993,34,1420.0
M37993,35,1442.0
M37993,36,1448.0
M37993,37,1439.0
M37993,38,1444.0
M37993,39,1443.0
M37993,40,1434.0
M37993,41,1444.0
M37993,42,1450.0
M37993,43,1455.0
M37993,44,1484.0
M37993,45,1501.0
M37993,46,1492.0
M37993,47,1506.0
M37993,48,1506.0
M37993,49,1507.0
M37993,50,1504.0
M37993,51,1508.0
M37993,52,1507.0
M37993,53,1510.0
M37993,54,1505.0
M37993,55,1501.0
M37993,56,1536.0
M37993,57,1555.0
M37993,58,1568.0
M37993,59,1575.0
M37993,60,1588.0
M37993,61,1591.0
M37993,62,1599.0
M37993,63,1605.0
M37993,64,1591.0
M37993,65,1590.0
M37993,66,1605.0
M37993,67,1583.0
M37993,68,1601.0
M37993,69,1614.0
M37993,70,1627.0
M37993,71,1638.0
M37993,72,1645.0
M37993,73,1640.0
M37993,74,1643.0
M37993,75,1632.0
M37993,76,1627.0
M37993,77,1632.0
M37993,78,1632.0
M37993,79,1615.0
M37993,80,1625.0
M37993,81,1641.0
M37993,82,1675.0
M37993,83,1702.0
M37993,84,1711.0
M37993,85,1697.0
M37993,86,1705.0
M37993,87,1697.0
M37993,88,1685.0
M37993,89,1687.0
M37993,90,1699.0
M37993,91,1678.0
M37993,92,1694.0
M37993,93,1717.0
M37993,94,1726.0
M37993,95,1743.0
M37993,96,1764.0
M37993,97,1751.0
M37993,98,1752.0
M37993,99,1751.0
M37993,100,1746.0
M37993,101,1744.0
M37993,102,1755.0
M37993,103,1743.0
M37993,104,1764.0
M37993,105,1781.0
M37993,106,1774.0
M37993,107,1794.0
M37993,108,1799.0
M37993,109,1809.0
M37993,110,1813.0
M37993,111,1810.0
M37993,112,1816.0
M37993,113,1813.0
M37993,114,1821.0
M37993,115,1772.0
M37993,116,1795.0
M37993,117,1815.0
M37993,118,1847.0
M37993,119,1857.0
M37993,120,1872.0
M37993,121,1871.0
M37993,122,1872.0
M37993,123,1866.0
M37993,124,1855.0
M37993,125,1857.0
M37993,126,1869.0
M37993,127,1854.0
M37993,128,1877.0
M37993,129,1894.0
M37993,130,1915.0
M37993,131,1930.0
M37993,132,1947.0
M37993,133,1931.0
M37993,134,1945.0
M37993,135,1942.0
M37993,136,1940.0
M37993,137,1946.0
M37993,138,1956.0
M37993,139,1926.0
M37993,140,1944.0
M37993,141,1961.0
M37993,142,1976.0
M37993,143,1993.0
M37993,144,2007.0
M37993,145,2005.0
M37993,146,2013.0
M37993,147,2000.0
M37993,148,2001.0
M37993,149,2001.0
M37993,150,2007.0
M37993,151,1961.0
M37993,152,1974.0
M37993,153,1991.0
M37993,154,2007.0
M37993,155,2009.0
M37993,156,2014.0
M37993,157,2012.0
M37993,158,2007.0
M37993,159,1985.0
M37993,160,1961.0
M37993,161,1939.0
M37993,162,1935.0
M37993,163,1898.0
M37993,164,1896.0
M37993,165,1895.0
M37993,166,1906.0
M37993,167,1924.0
M37993,168,1926.0
M37993,169,1934.0
M37993,170,1927.0
M37993,171,1920.0
M37993,172,1910.0
M37993,173,1894.0
M37993,174,1892.0
M37993,175,1868.0
M37993,176,1872.0
M37993,177,1882.0
M37993,178,1919.0
M37993,179,1936.0
M37993,180,1941.0
M37993,181,1940.0
M37993,182,1937.0
M37993,183,1940.0
M37993,184,1925.0
M37993,185,1918.0
M37993,186,1926.0
M37993,187,1914.0
M37993,188,1925.0
M37993,189,1944.0
M37993,190,1963.0
M37993,191,1987.0
M37993,192,1997.0
M37993,193,2006.0
M37993,194,2013.0
M37993,195,2017.0
M37993,196,2014.0
M37993,197,2017.0
M37993,198,2019.0
M37993,199,2021.0
M37993,200,2037.0
M37993,201,2056.0
M37993,202,2087.0
M37993,203,2120.0
M37993,204,2143.0
M37993,205,2135.0
M37993,206,2139.0
M37993,207,2127.0
M37993,208,2131.0
M37993,209,2145.0
M37993,210,2150.0
M37993,211,2133.0
M37993,212,2144.0
M37993,213,2165.0
M37993,214,2192.0
M37993,215,2222.0
M37993,216,2234.0
M37993,217,2233.0
M37993,218,2231.0
M37993,219,2218.0
M37993,220,2212.0
M37993,221,2216.0
M37993,222,2221.0
M37993,223,2206.0
M37993,224,2226.0
M37993,225,2244.0
M37993,226,2263.0
M37993,227,2293.0
M37993,228,2304.0
M37993,229,2316.0
M37993,230,2335.0
M37993,231,2316.0
M37993,232,2315.0
M37993,233,2315.0
M37993,234,2312.0
M37993,235,2303.0
M37993,236,2325.0
M37993,237,2338.0
M37993,238,2360.0
M37993,239,2380.0
M37993,240,2393.0
M38087,1,4460.0
M38087,2,4550.0
M38087,3,4540.0
M38087,4,4520.0
M38087,5,4540.0
M38087,6,4560.0
M38087,7,4580.0
M38087,8,4590.0
M38087,9,4610.0
M38087,10,4610.0
M38087,11,4620.0
M38087,12,4660.0
M38087,13,4640.0
M38087,14,4640.0
M38087,15,4630.0
M38087,16,4610.0
M38087,17,4600.0
M38087,18,4600.0
M38087,19,4550.0
M38087,20,4550.0
M38087,21,4550.0
M38087,22,4550.0
M38087,23,4550.0
M38087,24,4570.0
M38087,25,4550.0
M38087,26,4580.0
M38087,27,4540.0
M38087,28,4420.0
M38087,29,4460.0
M38087,30,4470.0
M38087,31,4460.0
M38087,32,4450.0
M38087,33,4470.0
M38087,34,4510.0
M38087,35,4530.0
M38087,36,4560.0
M38087,37,4620.0
M38087,38,4670.0
M38087,39,4710.0
M38087,40,4640.0
M38087,41,4680.0
M38087,42,4710.0
M38087,43,4650.0
M38087,44,4630.0
M38087,45,4670.0
M38087,46,4700.0
M38087,47,4740.0
M38087,48,4810.0
M38087,49,4700.0
M38087,50,4740.0
M38087,51,4730.0
M38087,52,4590.0
M38087,53,4630.0
M38087,54,4670.0
M38087,55,4640.0
M38087,56,4650.0
M38087,57,4570.0
M38087,58,4430.0
M38087,59,4450.0
M38087,60,4490.0
M38087,61,4470.0
M38087,62,4480.0
M38087,63,4410.0
M38087,64,4410.0
M38087,65,4440.0
M38087,66,4480.0
M38087,67,4550.0
M38087,68,4470.0
M38087,69,4480.0
M38087,70,4420.0
M38087,71,4370.0
M38087,72,4410.0
M38087,73,4390.0
M38087,74,4350.0
M38087,75,4300.0
M38087,76,4290.0
M38087,77,4260.0
M38087,78,4330.0
M38087,79,4280.0
M38087,80,4250.0
M38087,81,4240.0
M38087,82,4230.0
M38087,83,4190.0
M38087,84,4210.0
M38087,85,4180.0
M38087,86,4170.0
M38087,87,4120.0
M38087,88,4170.0
M38087,89,4190.0
M38087,90,4230.0
M38087,91,4280.0
M38087,92,4280.0
M38087,93,4280.0
M38087,94,4230.0
M38087,95,4240.0
M38087,96,4220.0
M38087,97,4220.0
M38087,98,4200.0
M38087,99,4160.0
M38087,100,4140.0
M38087,101,4130.0
M38087,102,4150.0
M38087,103,4130.0
M38087,104,4120.0
M38087,105,4150.0
M38087,106,4170.0
M38087,107,4160.0
M38087,108,4190.0
M38087,109,4220.0
M38087,110,4220.0
M38087,111,4180.0
M38087,112,4170.0
M38087,113,4190.0
M38087,114,4220.0
M38087,115,4210.0
M38087,116,4210.0
M38087,117,4210.0
M38087,118,4190.0
M38087,119,4200.0
M38087,120,4230.0
M38087,121,4220.0
M38087,122,4180.0
M38087,123,4150.0
M38087,124,4120.0
M38087,125,4120.0
M38087,126,4150.0
M38087,127,4140.0
M38087,128,4120.0
M38087,129,4130.0
M38087,130,4170.0
M38087,131,4190.0
M38087,132,4220.0
M38087,133,4170.0
M38087,134,4170.0
M38087,135,4110.0
M38087,136,4090.0
M38087,137,4110.0
M38087,138,4150.0
M38087,139,4100.0
M38087,140,4100.0
M38087,141,4100.0
M38087,142,4130.0
M38087,143,4150.0
M38087,144,4170.0
M38087,145,4180.0
M38087,146,4200.0
M38087,147,4160.0
M38087,148,4140.0
M38087,149,4140.0
M38087,150,4180.0
M38087,151,4160.0
M38087,152,4160.0
M38087,153,4180.0
M38087,154,4150.0
M38087,155,4160.0
M38087,156,4170.0
M38087,157,4180.0
M38087,158,4170.0
M38087,159,4140.0
M38087,160,4090.0
M38087,161,4090.0
M38087,162,4100.0
M38087,163,4070.0
M38087,164,4070.0
M38087,165,4070.0
M38087,166,4050.0
M38087,167,4050.0
M38087,168,4060.0
M38087,169,4050.0
M38087,170,4050.0
M38087,171,4010.0
M38087,172,4000.0
M38087,173,4050.0
M38087,174,4050.0
M38087,175,4080.0
M38087,176,4060.0
M38087,177,4080.0
M38087,178,4080.0
M38087,179,4050.0
M38087,180,4070.0
M38087,181,4070.0
M38087,182,4080.0
M38087,183,4030.0
M38087,184,4000.0
M38087,185,4010.0
M38087,186,4020.0
M38087,187,4000.0
M38087,188,4000.0
M38087,189,3990.0
M38087,190,3980.0
M38087,191,3980.0
M38087,192,3950.0
M38087,193,3940.0
M38087,194,3890.0
M38087,195,3860.0
M38087,196,3860.0
M38087,197,3870.0
M38087,198,3870.0
M38087,199,3850.0
M38087,200,3860.0
M38087,201,3870.0
M38087,202,3850.0
M38087,203,3850.0
M38087,204,3850.0
M38087,205,3880.0
M38087,206,3860.0
M38087,207,3840.0
M38087,208,3810.0
M38087,209,3830.0
M38087,210,3840.0
M38087,211,3830.0
M38087,212,3810.0
M38087,213,3780.0
M38087,214,3760.0
M38087,215,3740.0
M38087,216,3720.0
M38087,217,3730.0
M38087,218,3710.0
M38087,219,3660.0
M38087,220,3650.0
M38087,221,3640.0
M38087,222,3640.0
M38087,223,3660.0
M38087,224,3640.0
M38087,225,3630.0
M38087,226,3610.0
M38087,227,3610.0
M38087,228,3620.0
M38087,229,3600.0
M38087,230,3600.0
M38087,231,3580.0
M38087,232,3580.0
M38087,233,3570.0
M38087,234,3580.0
M38087,235,3570.0
M38087,236,3550.0
M38087,237,3540.0
M38087,238,3520.0
M38087,239,3520.0
M38087,240,3530.0
M39194,1,2802.8
M39194,2,2695.3
M39194,3,2824.7
M39194,4,2931.6
M39194,5,2880.1
M39194,6,3123.2
M39194,7,3223.1
M39194,8,3098.2
M39194,9,3139.1
M39194,10,3275.9
M39194,11,3271.4
M39194,12,3184.7
M39194,13,3091.8
M39194,14,3021.1
M39194,15,3251.3
M39194,16,3678.1
M39194,17,3522.7
M39194,18,3604.2
M39194,19,3151.1
M39194,20,3060.3
M39194,21,3165.9
M39194,22,3184.9
M39194,23,2968.0
M39194,24,3130.5
M39194,25,3238.6
M39194,26,3386.4
M39194,27,3675.8
M39194,28,3521.3
M39194,29,2502.3
M39194,30,2576.6
M39194,31,2733.6
M39194,32,2671.3
M39194,33,2785.7
M39194,34,2494.8
M39194,35,2505.7
M39194,36,2597.6
M39194,37,2536.7
M39194,38,2752.1
M39194,39,2782.4
M39194,40,2836.7
M39194,41,2936.6
M39194,42,3363.9
M39194,43,3065.8
M39194,44,3449.4
M39194,45,3424.7
M39194,46,3176.9
M39194,47,3659.9
M39194,48,3473.6
M39194,49,3705.2
M39194,50,3972.6
M39194,51,3552.9
M39194,52,3169.2
M39194,53,2950.7
M39194,54,2888.1
M39194,55,2813.9
M39194,56,2577.2
M39194,57,2577.0
M39194,58,2572.9
M39194,59,2311.1
M39194,60,2337.1
M39194,61,2230.3
M39194,62,2243.1
M39194,63,2173.9
M39194,64,2281.9
M39194,65,2123.1
M39194,66,2122.9
M39194,67,2020.0
M39194,68,2044.6
M39194,69,2131.2
M39194,70,2100.6
M39194,71,1980.2
M39194,72,2003.7
M39194,73,1950.1
M39194,74,1963.8
M39194,75,1953.4
M39194,76,1763.8
M39194,77,1863.6
M39194,78,1754.4
M39194,79,1984.9
M39194,80,1998.0
M39194,81,1970.7
M39194,82,2060.4
M39194,83,2033.9
M39194,84,2044.5
M39194,85,2016.4
M39194,86,2105.0
M39194,87,2292.5
M39194,88,2016.5
M39194,89,2333.5
M39194,90,2127.5
M39194,91,1953.3
M39194,92,2085.9
M39194,93,2145.8
M39194,94,2141.2
M39194,95,2067.5
M39194,96,2137.3
M39194,97,2274.7
M39194,98,2266.5
M39194,99,2431.7
M39194,100,2054.6
M39194,101,2202.7
M39194,102,2182.1
M39194,103,2153.0
M39194,104,2292.6
M39194,105,2348.8
M39194,106,2345.8
M39194,107,2412.0
M39194,108,2471.9
M39194,109,2645.8
M39194,110,2902.2
M39194,111,2819.6
M39194,112,2442.1
M39194,113,2772.8
M39194,114,2810.9
M39194,115,2683.1
M39194,116,2798.1
M39194,117,2954.9
M39194,118,2725.7
M39194,119,2673.8
M39194,120,2894.5
M39194,121,2953.6
M39194,122,3064.4
M39194,123,3326.6
M39194,124,2977.7
M39194,125,4303.5
M39194,126,4002.9
M39194,127,3841.6
M39194,128,4132.2
M39194,129,3953.2
M39194,130,3556.9
M39194,131,3801.3
M39194,132,3803.8
M39194,133,3986.2
M39194,134,6012.3
M39194,135,6052.9
M39194,136,5004.7
M39194,137,4315.7
M39194,138,4451.1
M39194,139,3871.2
M39194,140,4786.3
M39194,141,4518.6
M39194,142,4259.9
M39194,143,3889.3
M39194,144,3971.6
M39194,145,3237.0
M39194,146,3089.5
M39194,147,3307.8
M39194,148,2835.8
M39194,149,3117.5
M39194,150,3169.7
M39194,151,3080.9
M39194,152,3031.3
M39194,153,3688.0
M39194,154,3958.5
M39194,155,4252.1
M39194,156,4264.1
M39194,157,4387.3
M39194,158,4018.2
M39194,159,4031.6
M39194,160,3511.4
M39194,161,3562.4
M39194,162,3707.0
M39194,163,3655.3
M39194,164,4134.3
M39194,165,3737.1
M39194,166,3405.5
M39194,167,4020.5
M39194,168,4546.5
M39194,169,5086.3
M39194,170,4728.3
M39194,171,4368.6
M39194,172,4269.4
M39194,173,4698.4
M39194,174,4511.9
M39194,175,4174.3
M39194,176,4216.0
M39194,177,5006.4
M39194,178,4200.5
M39194,179,4816.0
M39194,180,4370.2
M39194,181,4285.5
M39194,182,4151.7
M39194,183,4203.4
M39194,184,3611.3
M39194,185,3928.5
M39194,186,3708.5
M39194,187,3689.8
M39194,188,3632.4
M39194,189,3588.1
M39194,190,3205.9
M39194,191,3302.8
M39194,192,2991.6
M39194,193,3028.1
M39194,194,3121.8
M39194,195,3178.4
M39194,196,2936.8
M39194,197,2897.7
M39194,198,3064.5
M39194,199,2731.9
M39194,200,2908.9
M39194,201,2987.7
M39194,202,2815.8
M39194,203,3052.5
M39194,204,3275.8
M39194,205,3683.8
M39194,206,3464.5
M39194,207,3642.6
M39194,208,3608.2
M39194,209,4320.9
M39194,210,3840.5
M39194,211,4054.6
M39194,212,3684.4
M39194,213,3336.1
M39300,1,1789.0
M39300,2,1800.0
M39300,3,1845.0
M39300,4,1859.0
M39300,5,1941.0
M39300,6,1968.0
M39300,7,1964.0
M39300,8,1983.0
M39300,9,2051.0
M39300,10,2082.0
M39300,11,2183.0
M39300,12,2256.0
M39300,13,2218.0
M39300,14,2245.0
M39300,15,2292.0
M39300,16,2233.0
M39300,17,903.0
M39300,18,1222.0
M39300,19,1203.0
M39300,20,1228.0
M39300,21,1314.0
M39300,22,1166.0
M39300,23,970.0
M39300,24,969.0
M39300,25,958.0
M39300,26,968.0
M39300,27,1269.0
M39300,28,1311.0
M39300,29,1357.0
M39300,30,1339.0
M39300,31,1530.0
M39300,32,1560.0
M39300,33,1607.0
M39300,34,1546.0
M39300,35,1335.0
M39300,36,1715.0
M39300,37,1743.0
M39300,38,1446.0
M39300,39,1074.0
M39300,40,993.0
M39300,41,999.0
M39300,42,1021.0
M39300,43,1047.0
M39300,44,1306.0
M39300,45,1453.0
M39300,46,1468.0
M39300,47,1457.0
M39300,48,1370.0
M39300,49,1420.0
M39300,50,1518.0
M39300,51,1527.0
M39300,52,1145.0
M39300,53,1105.0
M39300,54,1125.0
M39300,55,1065.0
M39300,56,1137.0
M39300,57,1129.0
M39300,58,1532.0
M39300,59,1620.0
M39300,60,1631.0
M39300,61,1596.0
M39300,62,1870.0
M39300,63,1966.0
M39300,64,1842.0
M39300,65,1678.0
M39300,66,1885.0
M39300,67,2306.0
M39300,68,1411.0
M39300,69,1399.0
M39300,70,1383.0
M39300,71,1301.0
M39300,72,1243.0
M39300,73,1229.0
M39300,74,1244.0
M39300,75,1330.0
M39300,76,1336.0
M39300,77,1296.0
M39300,78,1334.0
M39300,79,1373.0
M39300,80,1390.0
M39300,81,1374.0
M39300,82,1448.0
M39300,83,1522.0
M39300,84,1570.0
M39300,85,1575.0
M39300,86,1626.0
M39300,87,1769.0
M39300,88,1958.0
M39300,89,2218.0
M39300,90,1968.0
M39300,91,2033.0
M39300,92,2032.0
M39300,93,2060.0
M39300,94,2070.0
M39300,95,2074.0
M39300,96,2103.0
M39300,97,2710.0
M39300,98,2706.0
M39300,99,3076.0
M39300,100,3286.0
M39300,101,3441.0
M39300,102,3340.0
M39300,103,3489.0
M39300,104,3468.0
M39300,105,3289.0
M39300,106,3390.0
M39300,107,3419.0
M39300,108,3369.0
M39300,109,3429.0
M39300,110,3507.0
M39300,111,4033.0
M39300,112,4070.0
M39300,113,4158.0
M39300,114,4113.0
M39300,115,3495.0
M39300,116,2665.0
M39300,117,2950.0
M39300,118,3228.0
M39300,119,3262.0
M39300,120,3425.0
M39300,121,3530.0
M39300,122,3674.0
M39300,123,3372.0
M39300,124,3411.0
M39300,125,3604.0
M39300,126,4131.0
M39300,127,4330.0
M39300,128,4447.0
M39300,129,4528.0
M39300,130,4764.0
M39300,131,5298.0
M39300,132,5798.0
M39300,133,6156.0
M39300,134,6939.0
M39300,135,6816.0
M39300,136,7065.0
M39300,137,7307.0
M39300,138,7325.0
M39300,139,7435.0
M39300,140,7769.0
M39300,141,8091.0
M39300,142,8184.0
M39300,143,8791.0
M39300,144,9314.0
M39300,145,9785.0
M39300,146,9915.0
M39300,147,10211.0
M39300,148,10164.0
M39300,149,9936.0
M39300,150,9805.0
M39300,151,9556.0
M39300,152,9861.0
M39300,153,9321.0
M39300,154,9277.0
M39300,155,9107.0
M39300,156,8675.0
M39300,157,7994.0
M39300,158,7964.0
M39300,159,7676.0
M39300,160,7627.0
M39300,161,7743.0
M39300,162,7609.0
M39300,163,8043.0
M39300,164,8710.0
M39300,165,9153.0
M39300,166,11171.0
M39300,167,11151.0
M39300,168,11071.0
M39300,169,11600.0
M39300,170,11961.0
M39300,171,12216.0
M39300,172,12614.0
M39300,173,13154.0
M39300,174,13837.0
M39300,175,14288.0
M39300,176,13768.0
M39300,177,13931.0
M39300,178,12420.0
M39300,179,12565.0
M39300,180,12540.0
M39300,181,12199.0
M39300,182,11760.0
M39300,183,11548.0
M39300,184,11244.0
M39300,185,11054.0
M39300,186,11124.0
M39300,187,10930.0
M39300,188,10762.0
M39300,189,10311.0
M39300,190,10061.0
M39300,191,9736.0
M39300,192,9333.0
M39300,193,9118.0
M39300,194,8790.0
M39300,195,8715.0
M39300,196,8387.0
M39300,197,8286.0
M39300,198,8364.0
M39300,199,8529.0
M39300,200,8542.0
M39300,201,8728.0
M39300,202,8812.0
M39300,203,8932.0
M39300,204,8955.0
M39300,205,8915.0
M39300,206,8953.0
M39300,207,8942.0
M39300,208,8618.0
M39300,209,8906.0
M39300,210,9016.0
M39300,211,9346.0
M39300,212,9447.0
M39300,213,9597.0
M39791,1,467.5
M39791,2,176.2
M39791,3,515.0
M39791,4,215.2
M39791,5,505.5
M39791,6,1326.2
M39791,7,1090.3
M39791,8,824.0
M39791,9,565.7
M39791,10,527.2
M39791,11,364.8
M39791,12,563.6
M39791,13,531.9
M39791,14,345.6
M39791,15,328.7
M39791,16,759.2
M39791,17,677.5
M39791,18,1454.6
M39791,19,1208.0
M39791,20,1035.3
M39791,21,886.3
M39791,22,827.3
M39791,23,357.3
M39791,24,1561.0
M39791,25,1043.6
M39791,26,1176.5
M39791,27,1008.3
M39791,28,1427.2
M39791,29,467.1
M39791,30,2811.0
M39791,31,1737.9
M39791,32,1210.4
M39791,33,1339.3
M39791,34,1200.5
M39791,35,1042.7
M39791,36,1051.8
M39791,37,1402.3
M39791,38,1394.1
M39791,39,1016.4
M39791,40,1020.7
M39791,41,1145.2
M39791,42,3387.6
M39791,43,924.9
M39791,44,575.8
M39791,45,652.6
M39791,46,886.1
M39791,47,916.7
M39791,48,548.9
M39791,49,541.0
M39791,50,588.8
M39791,51,421.0
M39791,52,610.1
M39791,53,641.7
M39791,54,2942.7
M39791,55,1161.7
M39791,56,650.4
M39791,57,451.5
M39791,58,1200.1
M39791,59,637.5
M39791,60,833.9
M39791,61,523.9
M39791,62,481.2
M39791,63,523.2
M39791,64,558.6
M39791,65,610.7
M39791,66,2241.2
M39791,67,1044.9
M39791,68,865.5
M39791,69,647.7
M39791,70,601.6
M39791,71,415.7
M39791,72,568.3
M39791,73,666.4
M39791,74,448.7
M39791,75,377.6
M39791,76,658.7
M39791,77,633.0
M39791,78,3205.8
M39791,79,944.7
M39791,80,668.8
M39791,81,592.0
M39791,82,1037.6
M39791,83,804.9
M39791,84,713.7
M39791,85,716.0
M39791,86,666.3
M39791,87,718.6
M39791,88,953.5
M39791,89,812.2
M39791,90,2201.2
M39791,91,987.1
M39791,92,1021.9
M39791,93,1056.2
M39791,94,645.4
M39791,95,831.3
M39791,96,659.1
M39791,97,681.7
M39791,98,549.7
M39791,99,841.5
M39791,100,888.7
M39791,101,763.9
M39791,102,1928.4
M39791,103,982.1
M39791,104,698.4
M39791,105,694.3
M39791,106,489.7
M39791,107,624.4
M39791,108,563.7
M39791,109,419.5
M39791,110,474.1
M39791,111,857.6
M39791,112,716.4
M39791,113,972.7
M39791,114,2241.1
M39791,115,691.4
M39791,116,679.4
M39791,117,923.1
M39791,118,701.9
M39791,119,718.2
M39791,120,727.4
M39791,121,776.2
M39791,122,989.7
M39791,123,776.2
M39791,124,695.4
M39791,125,746.0
M39791,126,2630.0
M39791,127,1842.6
M39791,128,1083.4
M39791,129,1353.1
M39791,130,1030.4
M39791,131,1238.7
M39791,132,1333.1
M39791,133,1203.7
M39791,134,1676.4
M39791,135,1767.3
M39791,136,562.2
M39791,137,899.3
M39791,138,2169.4
M39791,139,1444.7
M39791,140,1233.9
M39791,141,969.7
M39791,142,1504.7
M39791,143,771.7
M39791,144,1005.3
M39791,145,815.4
M39791,146,754.3
M39791,147,538.8
M39791,148,1223.5
M39791,149,1067.2
M39791,150,2909.2
M39791,151,1125.8
M39791,152,649.4
M39791,153,949.7
M39791,154,941.0
M39791,155,1089.6
M39791,156,848.9
M39791,157,1652.7
M39791,158,612.5
M39791,159,1091.7
M39791,160,1146.3
M39791,161,1422.5
M39791,162,2055.2
M39791,163,1388.8
M39791,164,780.8
M39791,165,1484.7
M39791,166,1047.8
M39791,167,1534.5
M39791,168,755.0
M39791,169,1529.9
M39791,170,1329.6
M39791,171,1713.4
M39791,172,1871.2
M39791,173,1300.1
M39791,174,2513.6
M39791,175,1688.0
M39791,176,937.8
M39791,177,1350.8
M39791,178,1209.1
M39791,179,843.0
M39791,180,1048.2
M39791,181,1321.9
M39791,182,1180.0
M39791,183,1323.0
M39791,184,1617.8
M39791,185,1058.3
M39791,186,1996.7
M39791,187,1106.2
M39791,188,1443.0
M39791,189,796.5
M39791,190,976.6
M39791,191,637.1
M39791,192,741.1
M39791,193,683.8
M39791,194,681.7
M39791,195,917.9
M39791,196,1082.2
M39791,197,1685.9
M39791,198,2234.2
M39791,199,1702.5
M39791,200,2099.8
M39791,201,1257.4
M39791,202,907.3
M39791,203,793.5
M39791,204,1619.3
M39791,205,2119.6
M39791,206,1232.9
M39791,207,1368.1
M39791,208,1339.6
M39791,209,2124.1
M39791,210,3005.8
M39791,211,1724.4
M39791,212,1814.0
M39791,213,1711.6
M39791,214,1179.4
M39791,215,1328.7
M39791,216,1272.2
M39791,217,1535.4
M39791,218,771.1
M39791,219,1054.7
M39791,220,1314.5
M39791,221,2214.4
M39791,222,2751.5
M39791,223,1268.9
M39791,224,1476.9
M39791,225,1883.3
M39791,226,1420.0
M39791,227,1215.9
M39791,228,1321.9
M39791,229,1805.9
M39791,230,1095.8
M39791,231,1237.0
M39791,232,2740.8
M39791,233,2337.5
M39791,234,2679.6
M39791,235,2459.9
M39791,236,2035.3
M39791,237,2472.7
M39791,238,2236.8
M39791,239,1672.9
M39791,240,1805.9
M40220,1,1694.2
M40220,2,1690.58
M40220,3,1638.43
M40220,4,1764.26
M40220,5,1799.23
M40220,6,1733.16
M40220,7,891.07
M40220,8,842.46
M40220,9,841.31
M40220,10,856.26
M40220,11,937.53
M40220,12,924.18
M40220,13,919.15
M40220,14,927.52
M40220,15,972.46
M40220,16,960.39
M40220,17,1050.42
M40220,18,1000.96
M40220,19,997.27
M40220,20,1041.58
M40220,21,1022.5
M40220,22,1035.58
M40220,23,1018.5
M40220,24,1004.16
M40220,25,1008.44
M40220,26,1079.54
M40220,27,1134.06
M40220,28,1165.48
M40220,29,1167.21
M40220,30,1180.73
M40220,31,1172.29
M40220,32,1186.84
M40220,33,1200.83
M40220,34,1132.6
M40220,35,1139.98
M40220,36,1113.13
M40220,37,1094.61
M40220,38,1066.63
M40220,39,1067.25
M40220,40,1071.32
M40220,41,1091.37
M40220,42,1023.99
M40220,43,1058.82
M40220,44,1058.59
M40220,45,1072.92
M40220,46,1070.68
M40220,47,1059.68
M40220,48,1055.67
M40220,49,1042.53
M40220,50,977.57
M40220,51,955.93
M40220,52,920.72
M40220,53,927.64
M40220,54,926.37
M40220,55,887.89
M40220,56,905.36
M40220,57,888.3
M40220,58,885.69
M40220,59,832.29
M40220,60,848.91
M40220,61,849.01
M40220,62,840.53
M40220,63,792.31
M40220,64,783.19
M40220,65,779.1
M40220,66,751.14
M40220,67,760.75
M40220,68,794.75
M40220,69,784.91
M40220,70,820.82
M40220,71,836.73
M40220,72,858.2
M40220,73,877.78
M40220,74,845.48
M40220,75,805.83
M40220,76,826.27
M40220,77,830.06
M40220,78,847.55
M40220,79,884.98
M40220,80,941.5
M40220,81,957.28
M40220,82,960.38
M40220,83,994.15
M40220,84,1023.12
M40220,85,1008.2
M40220,86,1025.5
M40220,87,1024.85
M40220,88,1097.41
M40220,89,1109.8
M40220,90,1077.41
M40220,91,1131.72
M40220,92,1127.22
M40220,93,1119.07
M40220,94,1099.49
M40220,95,984.41
M40220,96,1005.94
M40220,97,996.69
M40220,98,1023.27
M40220,99,1051.76
M40220,100,1075.26
M40220,101,1045.47
M40220,102,1054.61
M40220,103,1095.89
M40220,104,1134.62
M40220,105,1137.89
M40220,106,1153.44
M40220,107,1151.54
M40220,108,1585.51
M40220,109,1614.75
M40220,110,1607.11
M40220,111,1571.46
M40220,112,1668.48
M40220,113,1652.14
M40220,114,1591.74
M40220,115,1605.51
M40220,116,1569.46
M40220,117,1598.49
M40220,118,1536.79
M40220,119,1608.97
M40220,120,1574.15
M40220,121,1529.6
M40220,122,1531.31
M40220,123,1498.95
M40220,124,1485.17
M40220,125,1433.05
M40220,126,1386.81
M40220,127,1361.03
M40220,128,1383.88
M40220,129,1408.01
M40220,130,1333.69
M40220,131,1301.7
M40220,132,1268.44
M40220,133,1272.52
M40220,134,1216.03
M40220,135,1240.27
M40220,136,1257.75
M40220,137,1190.07
M40220,138,1163.18
M40220,139,1206.37
M40220,140,1216.25
M40220,141,1219.34
M40220,142,1222.62
M40220,143,1225.44
M40220,144,1220.78
M40220,145,1242.07
M40220,146,1172.73
M40220,147,1277.24
M40220,148,1198.84
M40220,149,1215.64
M40220,150,1076.45
M40220,151,1166.83
M40220,152,1090.46
M40220,153,1080.94
M40220,154,1055.75
M40220,155,1088.4
M40220,156,1103.71
M40220,157,1117.13
M40220,158,1177.9
M40220,159,1209.93
M40220,160,1158.84
M40220,161,1189.68
M40220,162,1106.08
M40220,163,1117.74
M40220,164,1138.33
M40220,165,1079.85
M40220,166,1097.91
M40220,167,1118.27
M40220,168,1114.96
M40220,169,1085.03
M40220,170,1042.48
M40220,171,1067.28
M40220,172,1046.58
M40220,173,1059.32
M40220,174,1040.09
M40220,175,1019.66
M40220,176,1038.14
M40220,177,1066.84
M40220,178,1026.58
M40220,179,1079.12
M40220,180,1141.14
M40220,181,1106.59
M40220,182,1030.72
M40220,183,1038.76
M40220,184,1017.99
M40220,185,1020.68
M40220,186,977.8
M40220,187,960.18
M40220,188,944.19
M40220,189,994.95
M40220,190,974.61
M40220,191,972.67
M40220,192,919.2
M40220,193,959.08
M40220,194,981.44
M40220,195,981.35
M40220,196,971.38
M40220,197,989.52
M40220,198,917.21
M40220,199,907.38
M40220,200,959.6
M40220,201,972.11
M40220,202,990.31
M40220,203,1012.37
M41923,1,1076.8
M41923,2,1092.7
M41923,3,957.7468
M41923,4,925.6401
M41923,5,1100.9587
M41923,6,1129.2022
M41923,7,1154.7594
M41923,8,1157.9085
M41923,9,1177.9366
M41923,10,1140.6029
M41923,11,1130.4094
M41923,12,1199.8596
M41923,13,1161.4376
M41923,14,1115.1732
M41923,15,1124.6147
M41923,16,1061.7085
M41923,17,1110.652
M41923,18,880.8087
M41923,19,898.3925
M41923,20,900.4188
M41923,21,857.205
M41923,22,849.2877
M41923,23,850.2429
M41923,24,941.1078
M41923,25,901.3501
M41923,26,1052.6793
M41923,27,1130.4948
M41923,28,1045.4368
M41923,29,1043.8143
M41923,30,1090.7197
M41923,31,1072.5945
M41923,32,1018.4734
M41923,33,1014.48
M41923,34,999.9703
M41923,35,1018.1523
M41923,36,1001.416
M41923,37,946.7247
M41923,38,983.5522
M41923,39,995.9662
M41923,40,1003.0139
M41923,41,1008.8722
M41923,42,1031.0326
M41923,43,1134.0472
M41923,44,1163.3797
M41923,45,1209.4768
M41923,46,1221.024
M41923,47,1234.6843
M41923,48,1244.8379
M41923,49,1295.8403
M41923,50,1288.1773
M41923,51,1311.1336
M41923,52,1328.5622
M41923,53,1353.9239
M41923,54,1143.7839
M41923,55,1154.7211
M41923,56,1176.3144
M41923,57,1191.7376
M41923,58,1207.0622
M41923,59,1197.5651
M41923,60,1209.851
M41923,61,1214.3454
M41923,62,1216.7388
M41923,63,1243.1255
M41923,64,1257.932
M41923,65,1252.3793
M41923,66,1276.2826
M41923,67,1286.7135
M41923,68,1294.3386
M41923,69,1513.3042
M41923,70,1505.8067
M41923,71,1509.4929
M41923,72,1518.3377
M41923,73,1542.9214
M41923,74,1553.5498
M41923,75,1561.7505
M41923,76,1559.5093
M41923,77,1777.5649
M41923,78,1858.3954
M41923,79,1877.4334
M41923,80,1930.4324
M41923,81,1911.1193
M41923,82,2107.7085
M41923,83,2146.7804
M41923,84,2199.3883
M41923,85,2234.2585
M41923,86,2267.7603
M41923,87,2205.0796
M41923,88,2174.5281
M41923,89,2185.9067
M41923,90,2270.0458
M41923,91,2251.6111
M41923,92,2274.6176
M41923,93,2279.6587
M41923,94,2265.5042
M41923,95,2263.5988
M41923,96,2340.3339
M41923,97,2339.6875
M41923,98,2341.8891
M41923,99,2352.4843
M41923,100,1847.9312
M41923,101,1834.8098
M41923,102,1883.4233
M41923,103,1928.2491
M41923,104,1894.0954
M41923,105,1995.3091
M41923,106,2072.1302
M41923,107,2416.6348
M41923,108,2413.6352
M41923,109,2427.3743
M41923,110,2541.3199
M41923,111,2632.0385
M41923,112,2641.22
M41923,113,2650.3682
M41923,114,3516.8401
M41923,115,3542.6065
M41923,116,3596.5328
M41923,117,3604.3078
M41923,118,3618.5025
M41923,119,3550.7444
M41923,120,3561.9259
M41923,121,3493.2832
M41923,122,3502.5361
M41923,123,3516.8899
M41923,124,3515.7361
M41923,125,3520.6557
M41923,126,3628.5027
M41923,127,3740.0113
M41923,128,3704.8155
M41923,129,3743.3695
M41923,130,3842.2415
M41923,131,3843.588
M41923,132,3885.3732
M41923,133,3901.9009
M41923,134,3900.6954
M41923,135,3913.9996
M41923,136,3902.505
M41923,137,3786.6819
M41923,138,3846.3175
M41923,139,3908.5504
M41923,140,3924.6698
M41923,141,3992.8503
M41923,142,3772.6098
M41923,143,3764.5136
M41923,144,3806.0777
M41923,145,3802.8105
M41923,146,3798.2678
M41923,147,3735.6132
M41923,148,3679.7519
M41923,149,3672.8524
M41923,150,3902.6254
M41923,151,3886.4182
M41923,152,3864.5203
M41923,153,3848.242
M41923,154,3842.7828
M41923,155,2618.7998
M41923,156,2692.7458
M41923,157,2897.9573
M41923,158,2826.81
M41923,159,2841.1014
M41923,160,2957.4037
M41923,161,3236.1321
M41923,162,3555.4112
M41923,163,3589.0121
M41923,164,3589.5933
M41923,165,3563.7158
M41923,166,3535.8917
M41923,167,3629.2708
M41923,168,3727.1061
M41923,169,3743.294
M41923,170,3781.9946
M41923,171,4044.2833
M41923,172,4223.4015
M41923,173,4340.0623
M41923,174,4874.979
M41923,175,4919.1979
M41923,176,4807.6505
M41923,177,4786.4299
M41923,178,4788.3013
M41923,179,4795.2188
M41923,180,4783.0798
M41923,181,4839.5439
M41923,182,4990.6307
M41923,183,4997.0741
M41923,184,5049.8421
M41923,185,5086.7431
M41923,186,5344.2579
M41923,187,5337.2924
M41923,188,5316.6091
M41923,189,5322.8318
M41923,190,5245.0977
M41923,191,5401.2687
M41923,192,5353.8178
M41923,193,5892.0709
M41923,194,6222.5593
M41923,195,6322.0185
M41923,196,6425.9395
M41923,197,6540.2029
M41923,198,8260.4048
M41923,199,8542.8616
M41923,200,8710.3186
M41923,201,8718.8867
M41923,202,8900.1717
M41923,203,8922.1687
M41923,204,8922.8632
M41923,205,9217.5875
M41923,206,9394.5451
M41923,207,9393.7731
M41923,208,9712.3053
M41923,209,9977.6394
M41923,210,10313.9126
M41923,211,10403.4531
M41923,212,10412.7686
M41923,213,10454.2414
M41923,214,10515.9118
M41923,215,10525.3731
M41923,216,10729.6203
M41923,217,10700.5509
M41923,218,10736.7347
M41923,219,10966.0661
M41923,220,11222.748
M41923,221,11665.3123
M41923,222,12813.9638
M41923,223,12807.6399
M41923,224,12779.4588
M41923,225,12786.5271
M41923,226,12753.8467
M41923,227,12824.8355
M41923,228,12991.9041
M41923,229,13046.872
M41923,230,13051.144
M41923,231,13026.0278
M41923,232,13126.2987
M41923,233,13131.2684
M41923,234,13606.447
M41923,235,13618.2301
M41923,236,13589.9487
M41923,237,13544.2428
M41923,238,13558.648
M41923,239,13521.0905
M41923,240,13434.0465
M43219,1,1215.654
M43219,2,1060.722
M43219,3,1176.427
M43219,4,1082.057
M43219,5,1071.54
M43219,6,1073.011
M43219,7,1162.539
M43219,8,1150.949
M43219,9,1125.953
M43219,10,1145.861
M43219,11,1143.167
M43219,12,1180.168
M43219,13,1172.671
M43219,14,1016.523
M43219,15,1139.284
M43219,16,1012.567
M43219,17,1103.348
M43219,18,1029.894
M43219,19,1138.143
M43219,20,1106.877
M43219,21,1071.373
M43219,22,1107.618
M43219,23,1081.176
M43219,24,1109.845
M43219,25,1142.345
M43219,26,1026.687
M43219,27,1116.104
M43219,28,1061.11
M43219,29,1057.274
M43219,30,1114.83
M43219,31,1117.883
M43219,32,1108.989
M43219,33,1096.64
M43219,34,1089.13
M43219,35,1088.334
M43219,36,1155.928
M43219,37,1185.36875
M43219,38,1110.93345
M43219,39,1135.91614
M43219,40,1059.10316
M43219,41,1102.45932
M43219,42,1122.99442
M43219,43,1172.06972
M43219,44,1152.01871
M43219,45,1098.48833
M43219,46,1166.3921
M43219,47,1107.77388
M43219,48,1149.37357
M43219,49,1149.64721
M43219,50,970.14117
M43219,51,1100.31934
M43219,52,1099.38648
M43219,53,1161.62649
M43219,54,1149.73706
M43219,55,1170.96135
M43219,56,1159.98901
M43219,57,1139.06636
M43219,58,1163.1685
M43219,59,1134.78637
M43219,60,1166.86387
M43219,61,1140.31784
M43219,62,1017.34909
M43219,63,1161.20107
M43219,64,1042.8812
M43219,65,1010.47904
M43219,66,1099.37281
M43219,67,1158.89643
M43219,68,1186.58801
M43219,69,1119.65436
M43219,70,1172.66675
M43219,71,1107.76844
M43219,72,1188.51896
M43219,73,1194.77531
M43219,74,1029.27099
M43219,75,1113.84567
M43219,76,1071.55115
M43219,77,1069.61488
M43219,78,1147.26706
M43219,79,1152.98643
M43219,80,1153.61957
M43219,81,1122.69835
M43219,82,1165.02125
M43219,83,1114.50004
M43219,84,1162.99532
M43219,85,1110.93901
M43219,86,998.05291
M43219,87,1160.52295
M43219,88,1122.8723
M43219,89,1154.95136
M43219,90,1158.29795
M43219,91,1173.73328
M43219,92,1167.73475
M43219,93,1132.78499
M43219,94,1176.82826
M43219,95,1131.62076
M43219,96,1154.43204
M43219,97,1187.64799
M43219,98,1072.72693
M43219,99,1197.08644
M43219,100,1127.00796
M43219,101,1132.37123
M43219,102,1109.96498
M43219,103,1155.59176
M43219,104,1155.05553
M43219,105,1123.72958
M43219,106,1121.69397
M43219,107,1177.17951
M43219,108,1266.42714
M43219,109,1210.84693
M43219,110,1069.42853
M43219,111,1216.76619
M43219,112,1154.80213
M43219,113,1222.80738
M43219,114,1170.92054
M43219,115,1178.09321
M43219,116,1202.56498
M43219,117,1158.72223
M43219,118,1123.7808
M43219,119,1159.22032
M43219,120,1233.3549
M43219,121,1248.71651
M43219,122,1128.85979
M43219,123,1238.02721
M43219,124,1145.09547
M43219,125,1221.53365
M43219,126,1128.75534
M43219,127,1174.47463
M43219,128,1182.65964
M43219,129,1132.19621
M43219,130,1181.69926
M43219,131,1173.18247
M43219,132,1224.32882
M43219,133,1164.68121
M43219,134,1101.0925
M43219,135,1189.85048
M43219,136,1161.05925
M43219,137,1207.0945
M43219,138,1185.00931
M43219,139,1224.94184
M43219,140,1208.01563
M43219,141,1205.4398
M43219,142,1230.6182
M43219,143,1250.48071
M43219,144,1290.75919
M43219,145,1282.93328
M43219,146,1147.74327
M43219,147,1283.79428
M43219,148,1200.61726
M43219,149,1241.2064
M43219,150,1185.20347
M43219,151,1240.86122
M43219,152,1230.69844
M43219,153,1207.35666
M43219,154,1277.64426
M43219,155,1206.16705
M43219,156,1265.80049
M43219,157,1256.92053
M43219,158,1122.30075
M43219,159,1240.27865
M43219,160,1224.98264
M43219,161,1235.35681
M43219,162,1201.33105
M43219,163,1226.71092
M43219,164,1236.05381
M43219,165,1216.51033
M43219,166,1248.13402
M43219,167,1269.22719
M43219,168,1283.53231
M43219,169,1267.24586
M43219,170,1176.62814
M43219,171,1303.17835
M43219,172,1197.74382
M43219,173,1296.42594
M43219,174,1208.94167
M43219,175,1263.33512
M44616,1,2063.3271
M44616,2,2996.7396
M44616,3,3037.9674
M44616,4,3362.807
M44616,5,3537.8443
M44616,6,3542.4209
M44616,7,3720.0133
M44616,8,3748.214
M44616,9,4211.6158
M44616,10,4234.67
M44616,11,4477.2878
M44616,12,4899.1049
M44616,13,5402.12
M44616,14,5407.0379
M44616,15,5865.0051
M44616,16,5929.2566
M44616,17,5858.449
M44616,18,5887.7167
M44616,19,5946.6109
M44616,20,6173.668
M44616,21,6337.3166
M44616,22,6059.5203
M44616,23,6442.0748
M44616,24,6257.411
M44616,25,6535.9732
M44616,26,7139.6907
M44616,27,6910.3529
M44616,28,6853.9755
M44616,29,7083.4816
M44616,30,7080.5628
M44616,31,6648.2061
M44616,32,6460.618
M44616,33,6367.3053
M44616,34,5815.5405
M44616,35,5505.9467
M44616,36,5658.5818
M44616,37,5740.1587
M44616,38,5714.861
M44616,39,5670.9396
M44616,40,6022.2213
M44616,41,5932.7553
M44616,42,5883.322
M44616,43,5756.9505
M44616,44,5463.3217
M44616,45,5641.525
M44616,46,5347.3511
M44616,47,5585.2561
M44616,48,5786.2027
M44616,49,5596.6191
M44616,50,5511.6442
M44616,51,5421.1447
M44616,52,5365.1201
M44616,53,5887.7977
M44616,54,5978.522
M44616,55,6258.1812
M44616,56,6320.1182
M44616,57,6330.4242
M44616,58,6214.5919
M44616,59,6355.1075
M44616,60,6353.2559
M44616,61,6655.8456
M44616,62,7000.753
M44616,63,7075.439
M44616,64,7132.1851
M44616,65,7043.7581
M44616,66,6877.8045
M44616,67,7090.3802
M44616,68,7173.2344
M44616,69,6982.5786
M44616,70,7239.5498
M44616,71,7165.8228
M44616,72,7223.273
M44616,73,7602.1638
M44616,74,7775.9263
M44616,75,7991.555
M44616,76,7830.21
M44616,77,7862.9083
M44616,78,8245.858
M44616,79,8755.8869
M44616,80,9058.29
M44616,81,9276.6026
M44616,82,9691.2163
M44616,83,10225.0263
M44616,84,10167.2645
M44616,85,10518.3708
M44616,86,10443.5724
M44616,87,10586.372
M44616,88,10733.1181
M44616,89,10580.9986
M44616,90,10508.6612
M44616,91,11244.6472
M44616,92,11377.8795
M44616,93,11604.1597
M44616,94,12070.3544
M44616,95,11268.5893
M44616,96,11587.8656
M44616,97,12109.3685
M44616,98,12371.936
M44616,99,12365.4521
M44616,100,12826.2907
M44616,101,13689.0048
M44616,102,13725.9342
M44616,103,13348.7437
M44616,104,13136.7019
M44616,105,12950.8968
M44616,106,13249.1019
M44616,107,13466.574
M44616,108,13070.2305
M44616,109,13623.5728
M44616,110,12573.5237
M44616,111,12758.1046
M44616,112,12647.2815
M44616,113,12785.4773
M44616,114,12741.158
M44616,115,11776.5471
M44616,116,12486.0598
M44616,117,12303.6621
M44616,118,11413.3873
M44616,119,10090.9341
M44616,120,10525.5235
M44616,121,10522.5508
M44616,122,10221.5566
M44616,123,10499.3103
M44616,124,10903.7398
M44616,125,11262.7172
M44616,126,11329.1355
M44616,127,12004.0953
M44616,128,12133.6516
M44616,129,12335.9996
M44616,130,12767.3149
M44616,131,12471.8243
M44616,132,12950.0977
M44616,133,12883.3881
M44616,134,12820.4984
M44616,135,12822.2471
M44616,136,12536.372
M44616,137,12526.0266
M44616,138,11958.0583
M44616,139,10800.0288
M44616,140,11304.9679
M44616,141,11065.7874
M44616,142,11674.2569
M44616,143,11569.1219
M44616,144,10940.4552
M44616,145,10626.4176
M44616,146,10939.6304
M44616,147,11188.2661
M44616,148,11247.551
M44616,149,11164.7956
M44616,150,10517.5619
M44616,151,10273.1894
M44616,152,9522.388
M44616,153,9457.7675
M44616,154,9939.0864
M44616,155,9993.9311
M44616,156,9969.552
M44616,157,9830.7626
M44616,158,10106.3052
M44616,159,10112.4345
M44616,160,10117.0332
M44616,161,9859.5375
M44616,162,9691.6561
M44616,163,9490.7115
M44616,164,9874.7194
M44616,165,10279.8812
M44616,166,10229.239
M44616,167,10034.589
M44616,168,10111.6955
M44616,169,10693.3797
M44616,170,10652.9126
M44616,171,10712.5669
M44616,172,10695.4295
M44616,173,10940.2285
M44616,174,11294.6012
M44616,175,10812.3291
M44616,176,11053.7354
M44616,177,11019.0142
M44616,178,11007.8205
M44616,179,11173.8896
M44616,180,11205.0774
M44616,181,11084.3104
M44616,182,11123.7037
M44616,183,11269.1508
M44616,184,11375.5063
M44616,185,11472.8636
M44616,186,11536.483
M44616,187,11664.8108
M44616,188,11534.5923
M44616,189,11880.516
M44616,190,11977.6675
M44616,191,11887.8555
M44616,192,12117.5781
M44616,193,12446.7124
M44616,194,11498.322
M44616,195,12029.254
M44616,196,11901.7786
M44616,197,11890.319
M44616,198,11686.4041
M44616,199,11518.0591
M44616,200,11855.8714
M44616,201,11575.0073
M44616,202,11617.559
M44616,203,12267.4909
M44616,204,12302.0051
M44616,205,12114.2141
M44616,206,12048.2613
